User	Burst	Amount	Profit
Lennox44	2.07x	10	10.7
Frankkk	2.06x	"3,000"	"3,180"
K_joe7	2.00x	"2,000"	"2,000"
NAFTAL1988	2.00x	10	10
Lterwa	2.00x	10	10
Daniel2244	1.98x	10	9.8
Wekerey	1.66x	150	99
Ren-_	1.66x	10	6.6
Francismuniu8717	1.50x	10	5
Mus30	2.25x	10	12.5
Edith67	2.22x	10	12.2
Abrambo	2.19x	20	23.8
Midget	2.19x	11	13.09
Busbay	2.17x	11.4	13.34
Benaa1988	2.14x	20	22.8
Oteo1	2.12x	50	56
Cheke	2.12x	100	112
maish035	2.11x	10	11.1
Victorkimanthi	2.10x	10	11
DENZELJohn	2.08x	20	21.6
Ivykebenei624	2.08x	10	10.8
Debajior	2.07x	190	203.3
Charles28135	2.06x	27	28.62
Mosioma97	2.05x	10	10.5
Denno173	2.05x	50	52.5
wilson555	2.04x	10	10.4
Dn0	2.04x	50	52
chosen1	2.01x	198	199.98
Milly8990	2.00x	50	50
Maxi42	2.00x	10	10
Mosumeno	2.00x	50	50
Julius49	2.00x	10	10
Fly38	2.00x	"2,000"	"2,000"
Barongothedon	2.00x	10	10
Kafura01	2.00x	20	20
Godie14	2.00x	10	10
Msso	2.00x	50	50
Kipranga	2.00x	12	12
Konya98	2.00x	50	50
Bettybetter	2.00x	50	50
9993030	1.99x	10	9.9
Aryann_27	1.96x	15.96	15.32
Kadoz98	1.96x	50	48
Nya15	1.94x	10	9.4
Meshack6376	1.93x	10	9.3
makala	1.87x	11	9.57
Koimurvictor	1.79x	10	7.9
Nyamiji	1.66x	13	8.58
B44	1.65x	10	6.5
Jimmar	1.63x	10	6.3
Cymon40	1.56x	40	22.4
Gedion2022	1.55x	11	6.05
walimwengu	1.52x	"1,000"	520
Kaless14	1.50x	142	71
iiiwww	1.50x	32.67	16.34
Lilwet	1.50x	20	10
Mbalukamusilu	1.42x	100	42
Faital	1.42x	100	42
Standard7d	1.22x	19	4.18
Maxnimely	1.12x	200	24
Dayo21	1.11x	10	1.1
Marigawin	1.83x	12	9.96
Kenya000	1.82x	10	8.2
Battle	1.79x	10	7.9
Konate123	1.65x	88	57.2
KingK21	1.63x	18	11.34
samido	1.61x	200	122
Ren-_	1.61x	10	6.1
Travo152	1.59x	30	17.7
Veave	1.57x	10	5.7
mildred123	1.57x	10	5.7
Ezekiel34	1.56x	10	5.6
Sheila99958	1.56x	50	28
abgy	1.53x	17	9.01
Twezshens	1.52x	250	130
Jurist	1.50x	200	100
Lilwet	1.50x	20	10
Nzuki2023	1.50x	30	15
Kafura01	1.50x	20	10
Rob88816	1.50x	10	5
WKM71	1.50x	50	25
Ngiri4	1.49x	51	24.99
30840500	1.47x	10	4.7
Koimurvictor	1.47x	18	8.46
Lawrenz954	1.46x	10	4.6
Merc66	1.45x	11	4.95
Davis4829	1.44x	43.44	19.11
addi24	1.40x	20	8
Nokiiiiii	1.34x	59.26	20.15
Makix	1.30x	30	9
Creed68	1.25x	10	2.5
Sony20	1.22x	"1,200"	264
Otienolavin	1.22x	10	2.2
Bur	1.20x	250	50
Kipkosgei15	1.20x	12	2.4
Erick3252	1.18x	16.43	2.96
Eliud33543	1.18x	10	1.8
Susy2023	1.15x	10	1.5
Sinta123	1.13x	10.75	1.4
Haven20	1.11x	20	2.2
Sangben614	1.06x	10	0.6
Edu	1.04x	43	1.72
Lumia	1.02x	"1,000"	20
Sifake	1.02x	10	0.2
Nicholus70	1.02x	38	0.76
naks1988	2.55x	"1,000"	"1,550"
142	2.31x	"1,000"	"1,310"
Ellylydia	2.10x	10	11
Robert-_3	2.02x	"1,000"	"1,020"
Shaun	2.00x	10	10
Samdan33	2.00x	10	10
Gobat	1.99x	50	49.5
Shusho1	1.58x	10	5.8
Wamutoto	1.47x	15	7.05
Mweusimbili	1.32x	10	3.2
Pakatatu03	1.19x	10	1.9
Marvin8253	1.05x	60	3
SILVERBELL	1.16x	30	4.8
1173	1.15x	25	3.75
Angelinah	1.13x	16	2.08
Joseph540	1.10x	10	1
Kaless14	1.10x	79	7.9
Ggmhs	1.09x	100	9
Sinta123	1.09x	10.75	0.97
Wonwin	1.06x	11	0.66
Kangosh1984	1.04x	20	0.8
Cyrus1Dida	5.09x	"1,000"	"4,090"
36043445	5.00x	20	80
Jhkjhhv889	4.91x	"2,999"	"11,726.09"
Enozi	4.63x	10	36.3
Hs1990	3.72x	"2,520"	"6,854.40"
Nyanchama10	3.13x	10	21.3
naks1988	2.55x	"1,000"	"1,550"
142	2.31x	"1,000"	"1,310"
Ellylydia	2.10x	10	11
Robert-_3	2.02x	"1,000"	"1,020"
Shaun	2.00x	10	10
Samdan33	2.00x	10	10
Gobat	1.99x	50	49.5
Shusho1	1.58x	10	5.8
Wamutoto	1.47x	15	7.05
Mweusimbili	1.32x	10	3.2
Pakatatu03	1.19x	10	1.9
Marvin8253	1.05x	60	3
Mombasa02	2.38x	19.25	26.56
Morefirejnr	2.37x	"2,000"	"2,740"
Lawrenz954	2.33x	10	13.3
Dmk00	2.32x	10	13.2
Kimuryot	2.26x	16	20.16
Oduor140	2.25x	19	23.75
Hilar21	2.21x	500	605
L1	2.21x	40	48.4
Benson274	2.18x	15	17.7
Whitesnow7	2.18x	30	35.4
Veave	2.13x	10	11.3
Mbalukamusilu	2.10x	10	11
Kipchirchirclodi	2.10x	10	11
Kingili	2.10x	20	22
Victorkimanthi	2.09x	10	10.9
Tuguma	2.09x	50	54.5
Gedion2022	2.08x	35	37.8
DENZELJohn	2.07x	20	21.4
Key23	2.07x	20	21.4
Fridah8	2.03x	24	24.72
meshackiptoo	2.03x	10	10.3
jefum	2.01x	10	10.1
EZEKIEL11	2.00x	10	10
Cynthiah23	2.00x	10	10
Sanch1988	2.00x	83	83
Barongothedon	2.00x	10	10
BABII3	2.00x	10	10
K1048	2.00x	10	10
Oyongi2030	1.91x	30	27.3
Khaemba1234	1.91x	10	9.1
Mary64111	1.85x	10	8.5
Makauuu	1.84x	10	8.4
marigijk	1.62x	10	6.2
Mav1860	1.61x	10	6.1
Lyydia2	1.58x	20	11.6
Koimurvictor	1.53x	10	5.3
Babysteps	1.51x	50	25.5
Mvrk	1.50x	50	25
Rob88816	1.50x	10	5
Lilwet	1.50x	20	10
Jobbie	1.50x	10	5
Nandwa81	1.39x	10	3.9
Tashi2	1.36x	10	3.6
Hakim4461	1.36x	30	10.8
Naserian20	1.30x	10	3
Mweusimbili	1.24x	20	4.8
Roony10	1.17x	10	1.7
Pakamia200	1.16x	19.96	3.19
wilson555	1.13x	10	1.3
Tetat	1.13x	25	3.25
Gen2908	1.10x	200	20
Jaguar1984	1.86x	50	43
SHERLOCK63	1.85x	10	8.5
Chekiz	1.59x	10	5.9
Francismuniu8717	1.20x	10	2
Hilarious88	1.59x	10	5.9
Sawe75	1.58x	100	58
Oyongi2030	1.57x	27	15.39
Nancie637	1.54x	14	7.56
er06	1.51x	27	13.77
S0707861388	1.50x	50	25
Jurist	1.50x	100	50
WKM71	1.50x	50	25
Kafura01	1.50x	20	10
Ngeno41	1.50x	28	14
Msso	1.50x	75	37.5
Bettybetter	1.50x	50	25
Magis-p	1.49x	10	4.9
Kimeto_Alano	1.49x	10	4.9
George888	1.49x	10	4.9
Faital	1.48x	100	48
Dennisbe73	1.46x	20	9.2
Levoflox	1.45x	15	6.75
Pakamia200	1.45x	19.96	8.98
Maxnimely	1.41x	194.74	79.84
GANAPPA	1.38x	100	38
Gedion2022	1.36x	35	12.6
Will390	1.35x	10	3.5
abgy	1.33x	17	5.61
MumamazWaRuaka	1.33x	10	3.3
Big500	1.30x	20	6
Laura-3	1.30x	100	30
Esther61	1.27x	10	2.7
Kki6	1.27x	18	4.86
Holie	1.27x	20	5.4
Lucy1964	1.25x	10	2.5
Muruguru12	1.17x	150	25.5
Mweusimbili	1.17x	20	3.4
Standard7d	1.16x	19	3.04
Sangben614	1.14x	10	1.4
Jon19	1.10x	20	2
Phanice01	1.06x	10	0.6
30840500	1.06x	10	0.6
Sinta123	1.04x	30.75	1.23
Smaco	1.04x	80	3.2
KingK21	1.04x	20	0.8
Tumaini44	1.25x	170	42.5
Nokiiiiii	1.25x	20	5
Tashi2	1.25x	10	2.5
Neresmar	1.24x	50	12
Aryann_27	1.23x	19.5	4.48
Alfayo12	1.23x	16	3.68
Victorkimanthi	1.19x	10	1.9
Omariba2023	1.19x	50	9.5
Code991969	1.19x	10	1.9
Pzs	1.17x	10	1.7
Makavet	1.16x	10	1.6
Spencer10	1.14x	10	1.4
Jayson12	1.13x	205	26.65
Big100	1.13x	10	1.3
Olololkbvv	1.12x	273	32.76
Erick3252	1.12x	12	1.44
Jon19	1.10x	20	2
enock11127	1.06x	70	4.2
Kangosh1984	1.05x	10	0.5
Holie	1.05x	20	1
Tech4000	1.04x	698	27.92
Taboras20	1.03x	318	9.54
Sinta123	1.03x	30.75	0.92
Zea	1.90x	74	66.6
Oyongi2030	1.87x	43	37.41
Generali2010	1.87x	10	8.7
Jaguar1984	1.84x	50	42
1plus1	1.79x	25	19.75
Kki6	1.76x	18	13.68
Shem5510	1.63x	20	12.6
Murei1990	1.60x	15	9
Nungunungu	1.50x	50	25
Jobbie	1.50x	10	5
Congratulation	1.50x	100	50
Kaless14	1.50x	113	56.5
Bruceokeno	1.50x	40	20
Jurist	1.50x	100	50
Khaemba1234	1.48x	10	4.8
Ondirro	1.46x	11	5.06
Pakamia200	1.42x	19.96	8.38
Double2	1.41x	25	10.25
er06	1.39x	27	10.53
Yeyo	1.37x	13	4.81
Conepta	1.35x	10	3.5
Krop860	1.35x	10	3.5
1222n	1.31x	108	33.48
Obibashiri	1.31x	20	6.2
Mae006	1.29x	56	16.24
Kashosh	1.28x	78	21.84
Spencer10	1.27x	10	2.7
Vera2045	1.23x	10	2.3
Lawrenz954	1.21x	10	2.1
Nosh456	1.17x	15	2.55
Jikoi	1.16x	10	1.6
Wasike98	1.15x	40	6
Mweusimbili	1.13x	20	2.6
Pzs	1.12x	10	1.2
JAggy1	1.12x	50	6
notty2	1.08x	25	2
Phoeb139	1.08x	10	0.8
Rodgers2022	1.07x	50	3.5
198530	1.07x	10	0.7
3861vin	1.07x	10	0.7
Benaa1988	1.06x	30	1.8
Makavet	1.06x	10	0.6
Ewaruiru	1.05x	30	1.5
Esilaba	1.02x	50	1
Gk24	2.24x	"1,000"	"1,240"
Mwasp23-	2.21x	146	176.66
Frekika	2.09x	10	10.9
Frankkk	2.07x	"3,000"	"3,210.00"
Ellylydia	2.05x	10	10.5
Fanlam	2.00x	15	15
Jimmar	1.93x	10	9.3
Elizabethmongare	1.92x	20	18.4
TINA800	1.74x	100	74
Dedee	1.59x	87	51.33
Re56	2.36x	10	13.6
collinsamadi254	2.29x	10	12.9
Cate123456	2.21x	169	204.49
jmaish40	2.19x	162	192.78
Chepkonga002	2.17x	20	23.4
Kipchirchirclodi	2.12x	12	13.44
Brayookipruu	2.11x	100	111
Mwanxa	2.11x	20	22.2
Benaa1988	2.11x	30	33.3
Dog999	2.09x	84	91.56
Kplyt	2.09x	50	54.5
Frekika	2.09x	20	21.8
Tuguma	2.09x	50	54.5
Abdall	2.07x	10	10.7
Kenya000	2.04x	15.95	16.59
312717	2.02x	20	20.4
Lydia4040	2.01x	20	20.2
Gracekinanu	2.00x	10	10
Sosa	2.00x	20	20
Patel07	2.00x	10	10
Warugoru	2.00x	10	10
Lowo26	2.00x	70	70
Diana6	1.99x	10	9.9
1247dan	1.97x	50	48.5
Zea	1.90x	74	66.6
Yupyup	1.90x	11	9.9
Bonnie006	1.88x	46	40.48
Moriobazu	1.84x	550	462
Aryann_27	1.77x	13	10.01
Joshuakiilu	1.66x	27	17.82
Victor899	1.65x	10	6.5
202083	1.65x	50	32.5
Winniekaku	1.60x	20	12
Koimurvictor	1.59x	12	7.08
Jahkey_254	1.52x	10	5.2
Nyamiji	1.52x	10	5.2
Fckim	1.50x	15	7.5
Faital	1.48x	100	48
Littleninake11	1.38x	20	7.6
Jikoi	1.35x	10	3.5
Jimmar	1.31x	10	3.1
Naserian20	1.30x	10	3
Janets75	1.20x	50	10
Njugunax	1.18x	50	9
Hyrean	1.18x	10	1.8
Patrick5696	1.18x	100	18
Lawrenz954	1.14x	10	1.4
Jon19	1.10x	20	2
Gedion2022	1.06x	35	2.1
Chekiz	1.36x	10	3.6
Omariba2023	1.15x	50	7.5
premier3	1.08x	10	0.8
Dante_kama	1.05x	"1,400"	70
makala	1.80x	10	8
Lenboy	1.77x	23	17.71
Hilar21	1.70x	"1,500"	"1,050"
Standard7d	1.63x	10	6.3
iiiwww	1.63x	50	31.5
Kipro979	1.62x	10	6.2
Roony10	1.59x	10	5.9
Sony20	1.58x	200	116
Mweusimbili	1.56x	20	11.2
Nanyuki	1.51x	158	80.58
Leah6583	1.50x	10	5
Bettybetter	1.50x	50	25
Jobbie	1.50x	10	5
Nungunungu	1.50x	50	25
WKM71	1.50x	50	25
Cynthiah23	1.50x	10	5
Littleninake11	1.49x	20	9.8
Sangben614	1.42x	10	4.2
Kairethu	1.32x	10	3.2
Bien9	1.32x	25	8
pkoech234	1.30x	100	30
Champ944	1.29x	45.99	13.34
Bakhoya	1.28x	100	28
Will390	1.26x	10	2.6
EsterOmutimba	1.26x	20	5.2
Nosh456	1.23x	15	3.45
Sasha6	1.22x	10	2.2
notty2	1.21x	15	3.15
Lilwet	1.20x	20	4
Shusho1	1.20x	21	4.2
Oldest	1.19x	18	3.42
Mae006	1.15x	56	8.4
Alfayo12	1.14x	18	2.52
3861vin	1.09x	10	0.9
Jayzee	1.08x	10	0.8
Phoeb139	1.08x	10	0.8
Pet1063	1.06x	20	1.2
Makavet	1.06x	10	0.6
fayeeh	1.05x	10	0.5
Thewinner123	1.03x	10	0.3
Leah890	16.48x	30	464.4
Tapkutuny	15.00x	10	140
Shadrack176	12.13x	10	111.3
Gimgelin2017	11.40x	10	104
BKK01	10.53x	25	238.25
Josepahat	10.20x	10	92
Emmanuel06	10.00x	20	180
Abuga	9.24x	13	107.12
Mtwana	8.47x	10	74.7
Accidentally	8.25x	15	108.75
Esbon8888	7.73x	15	100.95
Mutinda3025	5.56x	10	45.6
PAKATISA2	5.49x	25	112.25
E99	5.28x	10	42.8
Roimen	5.25x	10	42.5
Kips_kips	5.24x	30	127.2
k88888	5.24x	10	42.4
Vokeh123	5.14x	25	103.5
Mischa	5.08x	10	40.8
Collins007	5.00x	20	80
Musumbi900	4.69x	10	36.9
BABUWALOLIODO	4.16x	100	316
1234123	3.71x	20	54.2
Tai1ma-ster	3.48x	20	49.6
puro	3.36x	10	23.6
Smudge234	3.34x	11	25.74
Irushi	3.26x	50	113
H565	3.15x	200	430
Hilarious88	3.12x	10	21.2
Nya15	3.05x	10	20.5
Sangola	3.00x	100	200
kipis1234	2.59x	12	19.08
Gitoka	2.36x	200	272
Mav1860	2.35x	10	13.5
Kafupi54321	2.32x	73	96.36
9269	2.12x	50	56
Meldah2023	2.09x	10	10.9
Mozate001	2.08x	50	54
makala	2.07x	10	10.7
Oliseh85	2.00x	10	10
K_joe7	2.00x	"1,000"	"1,000"
Shem5510	2.00x	20	20
Fckim	2.00x	10	10
Paul16	2.00x	50	50
Hustler1996	1.73x	20.22	14.76
fayeeh	1.66x	10	6.6
Kizito82	1.65x	100	65
Momanyi72	1.59x	10	5.9
Marigawin	1.57x	12	6.84
Timothy8609	1.54x	20	10.8
Ngetich1100	1.50x	15	7.5
Faital	1.50x	100	50
Leah6583	1.50x	10	5
Kinyua66	1.50x	20	10
Magis-p	1.45x	16	7.2
Mobbys14	1.40x	10	4
Ewaruiru	1.34x	11	3.74
Kairethu	1.28x	19	5.32
hrt28	1.23x	11	2.53
Lilwet	1.20x	20	4
Machuka44	1.20x	10.7	2.14
Vixs1	1.18x	20	3.6
Karrris	2.07x	10	10.7
Frankkk	2.02x	"3,000"	"3,060"
79875	2.00x	22	22
Larrysonko	2.00x	200	200
Samdan33	2.00x	10	10
Lterwa	1.22x	10	2.2
Lilwet	1.10x	20	2
Baya299	1.09x	10	0.9
1234Odhis	2.49x	10	14.9
Joshuakiilu	2.49x	15	22.35
Tashi2	2.49x	10	14.9
Edunox	2.48x	200	296
Mihndomwenyeji	2.47x	30	44.1
yvonne12	2.42x	10	14.2
Mary07shanish	2.41x	10	14.1
Iszo34	2.40x	50	70
9993030	2.40x	10	14
Lenizo	2.35x	71	95.85
Chagx	2.29x	14	18.06
kabathah	2.28x	25	32
Nandwa81	2.24x	10	12.4
micnael	2.22x	10	12.2
Daniel1210	2.20x	25	30
kipis1234	2.19x	10	11.9
Busbay	2.18x	11.4	13.45
Double2	2.17x	50	58.5
Vokeeeeeeeee	2.12x	30	33.6
Kplyt	2.10x	50	55
Kibos	2.09x	100	109
Esther61	2.07x	10	10.7
24096951	2.07x	10	10.7
My12011	2.06x	50	53
Jaguar1984	2.03x	50	51.5
Hilar21	2.00x	"1,050"	"1,050"
Director2023	2.00x	"3,000"	"3,000"
Re56	1.99x	10	9.9
walimwengu	1.70x	500	350
Kipsa123	1.68x	50	34
B44	1.56x	10	5.6
juma_mature	1.56x	10	5.6
Valdez27	1.52x	10	5.2
Jobbie	1.50x	10	5
Kinyua66	1.50x	20	10
Naserian20	1.50x	10	5
Shano2020	1.50x	10	5
Imbuhila	1.37x	10	3.7
Un99	1.25x	10	2.5
Wangu123	1.18x	20	3.6
Twezshens	1.17x	100	17
JAVIER91	1.11x	18.91	2.08
Jon19	1.10x	20	2
Rk777	1.06x	20	1.2
Smaco	1.04x	50	2
Olololkbvv	1.38x	241	91.58
Mayosh	1.37x	19	7.03
critz	1.36x	10	3.6
Nivaldo26	1.36x	20.65	7.43
hrt28	1.33x	11	3.63
Dennisbe73	1.33x	10	3.3
20091040	1.30x	10	3
Sawe75	1.29x	100	29
Kipranga	1.26x	12	3.12
Thewinner123	1.25x	10	2.5
Mweusimbili	1.25x	10	2.5
Mutkiben11	1.23x	50	11.5
Beatrice41892	1.23x	10	2.3
Kinara23665130	1.22x	10	2.2
007king	1.20x	200	40
Collo134	1.19x	10	1.9
AshphordKeeng	1.17x	10	1.7
Faital	1.14x	100	14
Edunox	1.13x	296	38.48
Ivybabs	1.11x	10	1.1
Kaless14	1.10x	25	2.5
Sinta123	1.10x	19.23	1.92
Esther61	1.10x	10	1
Omariba2023	1.08x	20	1.6
Mzae2050	1.08x	100	8
Holie	1.07x	20	1.4
Zawadi2484	1.07x	10	0.7
Tech4000	1.06x	907	54.42
Jobbie	1.04x	10	0.4
Cymon40	1.02x	10	0.2
Moriobazu	2.38x	269	371.22
Denzil284	2.33x	10	13.3
Yupyup	2.10x	10	11
Lenboy	2.09x	50	54.5
Will390	1.87x	10	8.7
Re56	1.78x	10	7.8
Sanga306	1.50x	"1,000"	500
Nakuru24	1.41x	90	36.9
nomisrash	1.30x	100	30
Q123456q31	3.14x	20	42.8
Agnettah	3.14x	25	53.5
kimsha73	3.11x	10	21.1
Abdall	3.11x	10	21.1
Kingili	3.07x	10	20.7
Thunder3	3.00x	100	200
BABUWALOLIODO	2.89x	200	378
Lenboy	2.88x	375	705
1234Odhis	2.80x	10	18
Korir2014	2.64x	10	16.4
Whitesnow7	2.54x	25	38.5
Dedee	2.47x	175	257.25
Kipshadrack	2.17x	31	36.27
Alnaas	2.14x	10	11.4
Vinnie1034	2.14x	200	228
martin202212	2.13x	40	45.2
Kiramock	2.11x	45.74	50.77
Kotap	2.11x	200	222
Diana6	2.08x	10	10.8
Frekika	2.08x	20	21.6
Frank9390	2.06x	12	12.72
THChemist420	2.05x	20	21
Chelseashit	2.05x	50	52.5
Jaguar1984	2.04x	50	52
Peter3030	2.04x	30	31.2
Antony1970	2.03x	25	25.75
Ager600	2.00x	30	30
Mvrk	2.00x	50	50
Willy2003	2.00x	12	12
SILVERBELL	2.00x	30	30
Ken510	2.00x	20	20
Rian0068_	2.00x	20	20
Oliver99	2.00x	10	10
Tetat	1.77x	15	11.55
9993030	1.61x	10	6.1
Edward0000	1.59x	10	5.9
Kollokollo	1.58x	10	5.8
Jobbie	1.50x	10	5
mutheu1234	1.47x	200	94
Dennisbe73	1.39x	10	3.9
Ewaruiru	1.35x	10	3.5
notty2	1.34x	17	5.78
Machuka44	1.20x	10	2
Mercymwash	1.19x	10	1.9
Ivybabs	1.11x	10	1.1
Zawadi2484	1.07x	10	0.7
Jkanty01	6.57x	10	55.7
Xykaa	6.52x	400	"2,208"
Koech89	5.41x	35	154.35
Lilianmueni	4.40x	10	34
Damawaraybeb	4.15x	10	31.5
David159	3.42x	"1,000"	"2,420"
sammakoi	3.24x	20	44.8
Frankkk	3.05x	"3,000"	"6,150"
Mulwa202364	3.00x	20	40
Mae006	2.95x	27	52.65
Moriobazu	2.38x	269	371.22
Denzil284	2.33x	10	13.3
Yupyup	2.10x	10	11
Lenboy	2.09x	50	54.5
Will390	1.87x	10	8.7
Re56	1.78x	10	7.8
Sanga306	1.50x	"1,000"	500
Nakuru24	1.41x	90	36.9
nomisrash	1.30x	100	30
Oyongi2030	1.87x	50	43.5
Kipro979	1.85x	10	8.5
Babysteps	1.83x	50	41.5
Andy52	1.83x	35	29.05
Enozi	1.81x	12	9.72
hrt28	1.75x	11	8.25
Re56	1.70x	10	7
temper1	1.66x	35	23.1
Thewinner123	1.66x	10	6.6
Jayson12	1.61x	108	65.88
Sony20	1.58x	200	116
Nosh456	1.53x	15	7.95
Kafura01	1.50x	30	15
Baya299	1.40x	10	4
DOTADIE	1.39x	51	19.89
Chagx	1.37x	10	3.7
Mos230	1.37x	30	11.1
Nandwa81	1.34x	10	3.4
Noel53	1.31x	16	4.96
Ngeno41	1.30x	10	3
Dedee	1.30x	175	52.5
Magis-p	1.28x	13	3.64
The_stitch	1.25x	12	3
EsterOmutimba	1.25x	20	5
Dennisbe73	1.25x	17	4.25
Lenizo	1.23x	71	16.33
Tech4000	1.21x	100	21
Felixmuema	1.18x	10	1.8
Jeni254	1.17x	10	1.7
Zawadi2484	1.16x	10	1.6
30840500	1.16x	10	1.6
Winner453	1.13x	20	2.6
007king	1.13x	200	26
Veteran100	1.13x	57	7.41
Paci85	1.11x	10	1.1
Jon19	1.10x	20	2
Faykym	1.09x	10.6	0.95
Ramo334	1.05x	77	3.85
DanKk	1.05x	10	0.5
Collins49870	1.04x	10	0.4
Brilly2023	1.98x	10	9.8
Diana1113	1.87x	19.32	16.81
Pwot	1.80x	29	23.2
ME3U	1.72x	"1,505"	"1,083.60"
Debajior	1.72x	30	21.6
Kipro979	1.70x	10	7
25451599	1.68x	10	6.8
Travo152	1.67x	40	26.8
Trendyyy	1.64x	13	8.32
Murei1990	1.60x	15	9
Kipsigaa9999	1.60x	10	6
Chepaipai	1.60x	10	6
Missos	1.59x	100	59
BIGEAR	1.58x	17.8	10.32
Edunox	1.57x	300	171
Mav1860	1.53x	10	5.3
Ntbo	1.50x	10	5
Msso	1.50x	72	36
Kinyua66	1.50x	20	10
Shalty	1.47x	10	4.7
Donald13	1.45x	95	42.75
Ramo334	1.36x	77	27.72
Esther61	1.33x	10	3.3
Kipsa123	1.31x	90	27.9
Edward0000	1.30x	10	3
Ngeno41	1.30x	13	3.9
Winner453	1.30x	20	6
Johnngots	1.30x	20	6
Naserian20	1.30x	10	3
Ewaruiru	1.24x	10	2.4
Jesuschrist01	1.22x	85	18.7
Celeb_254	1.22x	29.94	6.59
shaw254	1.20x	10	2
Sangben614	1.19x	30	5.7
Nosh456	1.18x	15	2.7
Big100	1.18x	10	1.8
Kaless14	1.10x	16	1.6
Erick3252	1.10x	15.22	1.52
Double2	1.06x	50	3
Holie	1.05x	20	1
Hilo24	1.04x	20	0.8
Timkip	2.22x	10	12.2
Kayloly73	2.18x	"1,000"	"1,180"
312717	2.03x	30	30.9
Squirre	2.00x	10	10
Festo2580	2.00x	30	30
Fresh12	1.66x	20	13.2
Mweusimbili	1.58x	10	5.8
Purityjp	1.57x	10	5.7
Atemi73	1.56x	20	11.2
Oliseh85	1.50x	30	15
Ongera2	1.50x	"3,000"	"1,500"
EsterOmutimba	1.33x	10	3.3
Vic_oketch	1.05x	40	2
Delia556	2.56x	20	31.2
Jamesmb	2.45x	37	53.65
Wamutoto	2.38x	10	13.8
Rok1	2.37x	100	137
walimwengu	2.22x	558	680.76
Orawa	2.21x	80	96.8
Kiramock	2.18x	50	59
Whitesnow7	2.16x	30	34.8
Hilarious88	2.13x	10	11.3
Ndavi	2.11x	250	277.5
Dayo21	2.10x	10	11
Aketch71	2.10x	11	12.1
ME3U	2.10x	589	647.9
Tashi2	2.09x	10	10.9
Jonte1646	2.08x	10	10.8
Congratulation	2.00x	10	10
wanaswa	2.00x	50	50
Marvin8253	2.00x	70	70
Mvrk	2.00x	11	11
Shifter_	2.00x	40	40
Missos	2.00x	59	59
K_joe7	2.00x	"2,000"	"2,000"
Nyamongo55	2.00x	30	30
kdd116	1.83x	50	41.5
Mwakiy621	1.83x	36.79	30.54
Superman445	1.73x	20	14.6
Gitau100	1.72x	50	36
L1	1.70x	100	70
Patrick5696	1.69x	10	6.9
Alfayo12	1.67x	15	10.05
Ann16080	1.65x	10	6.5
Brilly2023	1.58x	10	5.8
312717	1.53x	20	10.6
Wasike98	1.51x	46	23.46
Sento001	1.50x	100	50
WKM71	1.50x	50	25
Yeyo	1.49x	13	6.37
Damawaraybeb	1.48x	14	6.72
Spencer10	1.41x	10	4.1
Ramo334	1.41x	77	31.57
Phoeb139	1.38x	10	3.8
Mayosh	1.37x	19	7.03
Gd2420	1.35x	18	6.3
Dkmk	1.32x	26	8.32
1173	1.31x	10	3.1
Tech4000	1.11x	191	21.01
Erick3252	1.10x	15.22	1.52
202083	1.07x	20	1.4
ruiru_finest	1.10x	50	5
Hjhkgkg	2.46x	10	14.6
Korir43339	2.34x	50	67
covenant123	2.29x	30	38.7
Makavet	2.25x	10	12.5
Eighty4	2.21x	250	302.5
Yupyup	2.16x	10	11.6
Moses28986	2.14x	10	11.4
Muruguru12	2.12x	100	112
Jobbie	2.12x	10	11.2
BebaGeff	2.12x	300	336
Mo003	2.12x	10.66	11.94
Trendyyy	2.12x	13	14.56
Ruejesse	2.10x	200	220
kdd116	2.08x	41	44.28
Oduor140	2.08x	29	31.32
Peter3030	2.07x	30	32.1
Marigawin	2.06x	12	12.72
Frank9390	2.06x	14	14.84
Sangola	2.05x	100	105
Allanwise	2.04x	16.8	17.47
Ekawi	2.00x	50	50
Oliver99	2.00x	25	25
Oliseh85	2.00x	10	10
Hilary50	2.00x	10	10
Msso	2.00x	44	44
Thewinner123	1.92x	12	11.04
202083	1.88x	20	17.6
Kaleb70	1.86x	35	30.1
jmaish40	1.84x	150	126
Ezekiel050	1.78x	10	7.8
Mav1860	1.76x	10	7.6
Ganjaganja	1.74x	142	105.08
Esther3030	1.73x	10	7.3
Lenboy	1.64x	23	14.72
Jelagat22	1.64x	10	6.4
Wonwin	1.64x	10	6.4
Yeyo	1.62x	13	8.06
Dayo21	1.60x	10	6
cante24	1.57x	10	5.7
lintonm	1.57x	10	5.7
WKM71	1.50x	50	25
Abuuuu38	1.50x	10.69	5.35
Nancie637	1.48x	15	7.2
Jacknorris	1.29x	40	11.6
Erick3252	1.20x	12	2.4
Johnngots	1.20x	20	4
SILVERBELL	1.13x	30	3.9
Jumaaa1	1.13x	20	2.6
Gf22222	1.04x	20	0.8
Gk24	2.54x	"1,000"	"1,540"
Chiesa534	2.48x	30	44.4
Governor_001	2.29x	"1,000"	"1,290"
Kipkorir993	2.20x	10	12
Badass93	2.12x	20	22.4
georgeokusimba	2.11x	10	11.1
Ekeboko254	2.11x	10	11.1
josephatodede	2.07x	"3,000"	"3,210.00"
Gerishom12	2.00x	10	10
SHERLOCK63	1.74x	10	7.4
Chwaki	1.54x	10	5.4
Squirre	1.33x	10	3.3
30840500	1.24x	13	3.12
Krop860	1.20x	10	2
Sleey	1.14x	10	1.4
ruiru_finest	1.10x	50	5
Whitesnow7	2.60x	35	56
Babysteps	2.54x	41	63.14
Nosh456	2.53x	15	22.95
Edunox	2.53x	200	306
Key23	2.51x	20	30.2
Ilulla	2.45x	17	24.65
Chica9	2.43x	150	214.5
Karrris	2.42x	13	18.46
Missos	2.40x	64	89.6
Saina25	2.31x	800	"1,048"
Betty5440	2.21x	238	287.98
Oduor140	2.19x	29	34.51
Jhgyhc	2.18x	50	59
Korir43339	2.17x	50	58.5
Veave	2.14x	10	11.4
Lebu125	2.11x	18.8	20.87
Rk777	2.11x	20	22.2
1173	2.11x	11	12.21
Mary64111	2.10x	10	11
Allanwise	2.09x	14	15.26
Agnettah	2.08x	20	21.6
maish035	2.06x	10	10.6
Samdan33	2.00x	10	10
Naomyokelo2030	2.00x	10	10
Larrysonko	2.00x	200	200
Bettybetter	2.00x	48	48
Mutua213	2.00x	20	20
Magiya38	2.00x	50	50
titu8609	2.00x	50	50
K_joe7	2.00x	"2,000"	"2,000"
Marichui	2.00x	20	20
fayeeh	1.99x	10	9.9
Wambuaken12329	1.92x	20	18.4
Moriobazu	1.89x	300	267
Ezekiel050	1.86x	10	8.6
Shaun	1.78x	20	15.6
Kadollie	1.77x	10	7.7
Tetat	1.63x	15.36	9.68
Oyongi2030	1.62x	88	54.56
Celeb_254	1.60x	27.24	16.34
Felixmuema	1.54x	10	5.4
Chemuna	1.50x	15.23	7.61
yvonne12	1.47x	10	4.7
Beto	1.42x	379	159.18
Nungunungu	1.36x	40	14.4
WepukhuluPhilip1	1.34x	15	5.1
Sony20	1.33x	200	66
Yeyo	1.31x	13	4.03
Benaa1988	1.12x	24	2.88
Samuelchengo	1.09x	25	2.25
Denga8089	1.08x	200	16
Esilaba	1.02x	10	0.2
Ivybabs	1.09x	10	0.9
Kingjoel	1.06x	10	0.6
Christina23	11.82x	12.66	136.98
Pik	11.08x	10	100.8
Lennoxis	10.83x	11	108.13
OYIER1	10.00x	50	450
vernj	10.00x	20	180
Jemu123	10.00x	200	"1,800"
Mk22888	9.92x	10	89.2
Dennis203088	9.65x	50	432.5
jpesa	9.26x	100	826
Mihndomwenyeji	8.19x	15	107.85
Jad630	8.08x	100	708
Beto	7.52x	257	"1,675.64"
Musonalita	6.83x	50	291.5
Priscah22	6.45x	10	54.5
Mychstevoh	6.26x	49.6	260.9
Mobbys14	6.26x	10	52.6
Ranjozk	5.34x	100	434
Jayson12	5.26x	100	426
Esbon8888	5.26x	10	42.6
Matthew6040	5.00x	50	200
Pakakumi88	5.00x	10	40
Emmanuel06	5.00x	20	80
k88888	4.95x	10	39.5
Babu04	4.70x	10	37
Thewinner123	4.62x	10	36.2
Nikiro	4.27x	10	32.7
Charles123435	4.10x	10	31
Kennedy19	4.04x	300	912
mwakavi7	3.81x	10	28.1
Diana6	3.30x	10	23
Ren-_	3.20x	10	22
Chemwolo11	3.18x	"1,000"	"2,180"
Y163	3.14x	40	85.6
Cyn123	3.00x	100	200
JustNjenga	2.37x	80	109.6
Orawa	2.36x	49	66.64
benson9593	2.28x	200	256
Frekika	2.25x	20	25
Oduor140	2.20x	29	34.8
Kinoi	2.18x	20	23.6
Rok1	2.13x	100	113
Rubadiri	2.12x	37	41.44
Mzae2050	2.12x	100	112
tuskah	2.11x	32.35	35.91
fayeeh	2.10x	10	11
Yupyup	2.10x	10	11
0001Jeruto	2.07x	50.45	53.98
Popsen	2.05x	10	10.5
Clichy001	2.00x	10	10
Kizito82	2.00x	200	200
Standard7d	1.60x	10	6
walimwengu	1.57x	600	342
Ozil102	1.53x	97	51.41
WKM71	1.50x	50	25
Nungunungu	1.36x	40	14.4
Machuka44	1.20x	10	2
Raymond89	2.66x	100	166
Harry33	2.56x	92	143.52
Babysteps	2.52x	50	76
Frankkk	2.09x	"3,000"	"3,270"
Dancokim	2.09x	17	18.53
K_joe7	2.00x	"1,000"	"1,000"
Moriobazu	1.92x	295	271.4
Jahkey_254	1.54x	10	5.4
Jurist	1.50x	500	250
Chesoli1	1.50x	10	5
Purityjp	1.37x	10	3.7
Gerishom12	1.20x	10	2
Ivybabs	1.09x	10	0.9
Kingjoel	1.06x	10	0.6
Janepher20_-	5.46x	10	44.6
Evanar75	5.26x	20	85.2
Cale59	5.20x	50	210
Littleninake11	5.19x	20	83.8
MumamazWaRuaka	5.17x	10	41.7
Fezz	5.10x	250	"1,025"
Kaziah	5.09x	500	"2,045"
Chemuna	5.00x	10	40
maid	5.00x	150	600
Ccccdr123	5.00x	200	800
Mrassdeh	4.85x	41	157.85
Seroi1	4.44x	11	37.84
755656	4.25x	10	32.5
Ngetich420	4.16x	10	31.6
Kiokomuli18	3.90x	50.67	146.94
Brayan3251	3.66x	61	162.26
Rubadiri	3.55x	34.44	87.82
Kitahi1	3.44x	50	122
Kenya000	3.06x	10	20.6
Lequiz24	3.00x	20	40
F-lix	2.74x	65	113.1
Ajo462	2.52x	151	229.52
micnael	2.46x	15	21.9
6KPERDAY	2.40x	34	47.6
Mutkiben11	2.39x	100	139
Beatrice41892	2.30x	10	13
Macharia4	2.29x	23	29.67
Hillary8857	2.29x	38	49.02
Daniel1210	2.28x	25	32
Fairless	2.19x	50	59.5
Krop860	2.13x	10	11.3
zaki36445484	2.13x	15	16.95
Domain	2.10x	10	11
Shalom22	2.10x	50	55
20091040	2.09x	10	10.9
Charles_2022-	2.09x	10	10.9
Ndavi	2.09x	280	305.2
Mosioma97	2.08x	10	10.8
Nancie637	2.05x	12	12.6
Kadoz98	2.03x	30	30.9
Mavin2	2.01x	500	505
Siele1	2.00x	25	25
Ekawi	2.00x	50	50
Mercyy100	1.91x	25	22.75
Gitoka	1.86x	100	86
Paci85	1.75x	10	7.5
Kem3057	1.58x	10	5.8
Kafura01	1.50x	50	25
Jeni254	1.41x	10	4.1
Baya299	1.40x	10	4
Machuka44	1.25x	20	5
Ivybabs	1.15x	10	1.5
Mercymwash	1.09x	10	0.9
K_joe7	2.00x	"1,000"	"1,000"
Susansimon	1.71x	60	42.6
EnocK979	1.59x	10	5.9
David159	1.44x	"1,000"	440
Collins49870	1.38x	10	3.8
Mayosh	1.37x	19	7.03
Magis-p	1.36x	20	7.2
caren1633	1.36x	11	3.96
Jasyl1	1.30x	12	3.6
Kemjy	1.30x	25.24	7.57
Thewinner123	1.30x	12	3.6
Jaguar1984	1.27x	50	13.5
Conepta	1.25x	10	2.5
Francismuniu8717	1.20x	10	2
Gimgelin2017	1.15x	10	1.5
007king	1.14x	300	42
Jayzee	1.14x	40	5.6
Chero	1.12x	10	1.2
Nannah	1.11x	176	19.36
Dennisbe73	1.09x	35	3.15
Odero78	1.06x	57.19	3.43
peter2903327	1.04x	54	2.16
Sinta123	1.03x	34.49	1.03
Travo152	1.17x	47	7.99
Mbalukamusilu	1.14x	50	7
Jpb	1.11x	10	1.1
007king	1.10x	300	30
Ewaruiru	1.10x	10	1
Elono254	1.06x	10	0.6
Jseurei	1.06x	10	0.6
sheetrizah	1.06x	10	0.6
Jeni254	1.05x	10	0.5
Tech4000	1.04x	191	7.64
Sinta123	1.04x	34.49	1.38
Jobbie	1.03x	10	0.3
MarthaG	2.44x	10	14.4
Hilar21	2.33x	"1,500"	"1,995"
Fairless	2.22x	50	61
Bryio254	2.22x	10	12.2
37700491	2.18x	10	11.8
Edgar20	2.16x	50	58
Warrio	2.14x	25	28.5
Yupyup	2.10x	10	11
Love33	2.00x	50	50
Sesmo254	2.00x	25	25
Dante_kama	1.72x	"1,475"	"1,062"
Nikojuu	1.56x	"2,600"	"1,456"
SHERLOCK63	1.55x	10	5.5
Lilwet	1.20x	20	4
Ratabei	1.61x	20	12.2
Winner453	1.60x	20	12
Diana1113	1.58x	20	11.6
Kaless14	1.53x	45	23.85
Achieng123	1.53x	10	5.3
Fckim	1.50x	10	5
Jurist	1.50x	500	250
Sento001	1.50x	50	25
Burrn	1.46x	10	4.6
Jaguar1984	1.46x	50	23
202083	1.45x	14	6.3
Nungunungu	1.38x	40	15.2
Kq9	1.37x	10	3.7
Yuxuf	1.37x	10	3.7
Fabrice69	1.35x	10	3.5
Shem5510	1.34x	25	8.5
Ayeya10	1.32x	100	32
20091040	1.29x	10	2.9
Dennisbe73	1.29x	18	5.22
Travo152	1.25x	47	11.75
Lilwet	1.20x	10	2
Gedion2022	1.19x	19	3.61
garnacho59	1.17x	15	2.55
J-son	1.16x	50	8
Lilian202374	1.15x	10	1.5
The_stitch	1.14x	10	1.4
Hilarious88	1.13x	11	1.43
F-lix	1.12x	65	7.8
Jasyl1	1.12x	12	1.44
Pakatatu03	1.09x	10	0.9
Merc66	1.09x	11	0.99
Jpb	1.08x	10	0.8
NmN	1.02x	10	0.2
Veto97	1.50x	10	5
Me9583	1.45x	20	9
TINA800	1.82x	100	82
er06	1.73x	45	32.85
VKGG	1.70x	30	21
Tashi2	1.69x	10	6.9
Dennisbe73	1.67x	18	12.06
Elono254	1.66x	10	6.6
30840500	1.60x	10	6
Dolly1188	1.59x	10	5.9
Mweusimbili	1.50x	10	5
Sento001	1.50x	50	25
Caleb54041	1.50x	15	7.5
Jurist	1.50x	300	150
Faital	1.48x	100	48
Ann16080	1.47x	10	4.7
motorcar2	1.36x	10	3.6
Burrn	1.33x	10	3.3
Jasyl1	1.32x	12	3.84
Naserian20	1.30x	10	3
Carol22	1.30x	50	15
Kaziah	1.28x	200	56
Bleca26	1.25x	10	2.5
Imbuhila	1.25x	10	2.5
Edward07	1.21x	10	2.1
Francismuniu8717	1.20x	10	2
198530	1.19x	10	1.9
Kervin	1.19x	46.7	8.87
SILVERBELL	1.18x	28	5.04
Mikel97kipkorir	1.17x	20	3.4
Yeyo	1.14x	13	1.82
Lilian202374	1.12x	10	1.2
Nosh456	1.11x	15	1.65
Nchore12	1.10x	17	1.7
Shellykn	1.10x	10	1
Tech4000	1.08x	191	15.28
Benaa1988	1.06x	20	1.2
Joshuakiilu	1.06x	18	1.08
Esther61	1.06x	10	0.6
Robertkigen	1.02x	258	5.16
Nosh456	1.17x	10	1.7
Johnmatunga	1.14x	"1,500"	210
Jahkey_254	2.04x	10	10.4
Gitoka	2.03x	200	206
Fridah8	2.01x	39	39.39
Gillykip98	2.01x	10	10.1
Rodgers2022	2.00x	50	50
Squirre	2.00x	50	50
motorcar2	2.00x	11.3	11.3
titu8609	2.00x	50	50
Imbuhila	2.00x	10	10
Mulwa202364	2.00x	20	20
Irushi	1.96x	50	48
Kem3057	1.96x	10	9.6
Victor218	1.90x	49	44.1
Shusho1	1.83x	20	16.6
Nikiro	1.82x	10	8.2
Superman445	1.78x	10	7.8
jess01	1.75x	10	7.5
Esther3030	1.73x	10	7.3
33160546	1.64x	14	8.96
Macy25423	1.62x	20	12.4
meshackiptoo	1.60x	19	11.4
Denzil284	1.60x	10	6
Cutieee	1.58x	100	58
Jekii	1.53x	16	8.48
Jum11	1.52x	10	5.2
kabathah	1.51x	25	12.75
Oliseh85	1.50x	13	6.5
Shem5510	1.49x	20	9.8
yvonne12	1.49x	10	4.9
Ranjozk	1.43x	100	43
Elono254	1.42x	10	4.2
EsterOmutimba	1.41x	10	4.1
Caleb54041	1.35x	15	5.25
Meshack6376	1.29x	16	4.64
Eddy2937	1.28x	20	5.6
Dayo21	1.27x	10	2.7
juma_mature	1.26x	10	2.6
Damawaraybeb	1.24x	16	3.84
Mikekw	1.23x	10	2.3
Esther61	1.22x	10	2.2
Kipsa123	1.20x	100	20
Kowinojnr	1.18x	10	1.8
Erick3252	1.12x	13.2	1.58
Hilarious88	1.10x	11	1.1
Mwakavi14	1.09x	50	4.5
Beatrice41892	1.08x	10	0.8
Justoeh	1.07x	10	0.7
F-lix	1.04x	125	5
Benaa12348	3.34x	30	70.2
naks1988	3.21x	"1,000"	"2,210"
Ezekiel050	2.91x	10	19.1
Maggiebaby	2.57x	45	70.65
Gk24	2.46x	"1,000"	"1,460"
Nakuru24	2.18x	30	35.4
Frankkk	2.11x	"3,000"	"3,330"
Kiget10	2.11x	100	111
Frekika	2.08x	10	10.8
Ngetich420	2.08x	10	10.8
JLM06	2.03x	90	92.7
K_joe7	2.00x	500	500
Samdan33	2.00x	10	10
Hilar21	1.94x	"1,500"	"1,410"
Nosh456	1.17x	10	1.7
Johnmatunga	1.14x	"1,500"	210
Keter70	12.74x	65	763.1
Jontez1200	10.75x	40	390
Lumia	10.00x	56	504
Jemu123	10.00x	200	"1,800"
Ev12345	10.00x	10	90
M2251898	10.00x	10	90
Jhgyhc	10.00x	11	99
Marion720	9.96x	10	89.6
Guardian	9.67x	10	86.7
Dante_kama	8.93x	61	483.73
Delia556	7.87x	20	137.4
Enozi	6.21x	10	52.1
Chelule224	5.76x	10	47.6
Kipindi12	5.65x	85	395.25
Shaphil22	5.33x	"3,000"	"12,990"
Shiketi	5.29x	10	42.9
THChemist420	5.07x	10.6	43.14
1012001	5.00x	200	800
browser	4.89x	13	50.57
Miken2	4.73x	300	"1,119.00"
Dangii997	4.00x	20	60
makevo	3.61x	50	130.5
Kube7	3.51x	10	25.1
Eliswadakta	3.24x	15	33.6
Money34	3.23x	50	111.5
Raymond89	3.09x	400	836
Birundu2023	3.00x	10	20
X-ray4094	2.92x	50	96
lisaleeh	2.72x	10	17.2
19922193	2.69x	10	16.9
frankline2639	2.54x	10	15.4
Stephen31	2.24x	33	40.92
SAMARINE254	2.21x	15	18.15
er06	2.20x	45	54
Wanyama2891	2.15x	50	57.5
Kplyt	2.12x	50	56
Jkkk123	2.10x	250	275
Mzae2050	2.09x	100	109
Tuguma	2.08x	50	54
Khaemba1234	2.00x	10	10
Kj19	2.00x	100	100
Opiyo37954	2.00x	10	10
makala	1.96x	10.77	10.34
Gitau100	1.91x	25	22.75
kabathah	1.82x	25	20.5
Roberto50	1.72x	120	86.4
202083	1.69x	12	8.28
Esther3030	1.66x	10	6.6
Yeyo	1.64x	13	8.32
Towett9400	1.61x	10	6.1
Jeni254	1.57x	10	5.7
Nato2020	1.46x	10	4.6
Dennisbe73	1.33x	18	5.94
Gd2420	1.28x	18	5.04
Johnngots	1.20x	20	4
Machuka44	1.20x	10	2
Umuro-Denge	1.15x	24	3.6
Shellykn	1.15x	10	1.5
Mos230	1.09x	100	9
Justoeh	1.09x	10	0.9
Mutkiben11	1.07x	50	3.5
Jud93	1.06x	10	0.6
Kiramock	1.06x	50	3
Nannah	1.05x	100	5
Chile233	1.04x	10	0.4
wamboikawa	2.08x	20	21.6
Elono254	2.01x	10	10.1
Caleb52	2.00x	"1,000"	"1,000"
Master-99_s	2.00x	20	20
Hilar21	1.70x	"1,500"	"1,050"
Kingjoel	1.64x	10	6.4
Virgy095	1.06x	68	4.08
pkoech234	1.04x	50	2
Shadma	22.87x	50	"1,093.50"
Robertwamenju	21.45x	"1,500"	"30,675"
Vokeh123	20.15x	18	344.7
Nduku685	17.99x	10	169.9
Samburu	11.73x	15	160.95
120310	11.69x	10	106.9
Tapkutuny	10.92x	10	99.2
Janiij	10.78x	10	97.8
ongorocollin	10.00x	10	90
Jemu123	10.00x	200	"1,800"
Ezekiel235	9.20x	13	106.6
Evanar75	8.45x	10	74.5
Nelsi	8.24x	190	"1,375.60"
Guardian	8.04x	10	70.4
Senseip	7.96x	200	"1,392"
Mombasa02	7.88x	15	103.2
Lp45	7.55x	20.99	137.48
Kinara23665130	6.87x	10	58.7
Mwasj	6.65x	194	"1,096.10"
Daniel350	5.19x	100	419
Ndocha_Elly	5.11x	100	411
Cyrus44	4.38x	200	676
Sssssssddd	4.35x	10	33.5
Elphasruto	4.32x	14	46.48
Konya98	4.26x	12	39.12
Sammysheltoo999	4.20x	50	160
Y163	4.06x	40	122.4
benson9593	4.00x	150	450
1234123	3.44x	46	112.24
Ahata	3.22x	50	111
Nungunungu	3.16x	40	86.4
Sijuiata	3.15x	17.59	37.82
My12011	3.14x	20	42.8
Mesh005	3.08x	250	520
Momanyi72	2.90x	10	19
Aryann_27	2.81x	10.6	19.19
Rubadiri	2.56x	30	46.8
9993030	2.41x	10	14.1
Birundu2023	2.33x	10	13.3
Frekika	2.31x	10	13.1
Makauuu	2.30x	10	13
Mwamhamso	2.24x	141	174.84
TINA800	2.20x	100	120
Kipsa123	2.17x	40	46.8
Brian-2524	2.14x	11	12.54
Jkkk123	2.12x	280	313.6
Charles_2022-	2.10x	11.17	12.29
Msomalia	2.08x	50	54
Powell254	2.08x	20	21.6
Coxxy	2.02x	300	306
avata	2.00x	60	60
Kips299	2.00x	10	10
Nicole10	2.00x	20	20
Festo2580	2.00x	30	30
Geff144	2.00x	100	100
Joramliso	1.91x	15	13.65
Celeb_254	1.69x	10	6.9
Kipro979	1.68x	10	6.8
Dolly1188	1.56x	10	5.6
Shaviq	1.25x	20	5
Magis-p	1.18x	20	3.6
Sangben614	1.15x	50	7.5
Nosh456	1.14x	10	1.4
Avisalinet	1.08x	10	0.8
Esther61	1.06x	10	0.6
Collo134	2.62x	20	32.4
Joyce23456	2.61x	300	483
Chemuna	2.50x	10.9	16.35
Eddy2937	2.45x	100	145
Mwamhamso	2.41x	175.68	247.71
Motorhub	2.40x	10	14
Pakamia200	2.31x	19.5	25.55
Sammysheltoo999	2.22x	50	61
Sakiko	2.21x	50	60.5
Jum11	2.19x	14	16.66
Kenya000	2.18x	19	22.42
Ruejesse	2.17x	679	794.43
Ellylydia	2.16x	10	11.6
Kipnwachet	2.15x	10	11.5
Lynn45	2.14x	30	34.2
Shano2020	2.12x	10	11.2
Pakatatu03	2.11x	10	11.1
Wambuku	2.10x	20	22
k88888	2.10x	10	11
Lenizo	2.01x	53	53.53
Beckiee	2.00x	100	100
9269	2.00x	200	200
lintonm	2.00x	10	10
135030	2.00x	20	20
Opiyo37954	2.00x	10	10
R30-kb_t	2.00x	20	20
Kj19	2.00x	100	100
NAFTAL1988	2.00x	10	10
0001Jeruto	1.99x	54	53.46
Mosioma97	1.96x	16	15.36
Arctique	1.92x	"1,000"	920
Hillush	1.88x	10	8.8
Patrick5696	1.80x	10	8
sinika	1.80x	23	18.4
1222n	1.78x	20	15.6
Konate123	1.75x	70	52.5
L1	1.66x	65	42.9
Johnngots	1.50x	20	10
Jonioe	1.50x	100	50
Jeni254	1.42x	10	4.2
DOTADIE	1.39x	82	31.98
Mweusimbili	1.35x	10	3.5
Nashon54	1.30x	100	30
3171	1.27x	10	2.7
The_stitch	1.25x	16	4
Esther3030	1.13x	10	1.3
Jahkey_254	1.12x	10	1.2
Michael202122	1.02x	10	0.2
Diana1113	3.55x	10	25.5
Nastybee	3.44x	50	122
Kenya000	3.34x	11	25.74
Sunn	3.33x	153	356.49
Edu	3.31x	42.59	98.38
jero93	3.23x	10	22.3
Abdall	3.16x	10	21.6
Alnaas	3.16x	16	34.56
Motorhub	3.13x	10	21.3
Kaksang	3.13x	10	21.3
Muruguru12	3.05x	30	61.5
Chemwolo11	3.01x	"1,000"	"2,010"
EZEKIEL11	3.00x	26	52
Barmie	2.91x	20	38.2
Esilaba	2.88x	10	18.8
Lynn45	2.60x	24	38.4
Momanyi72	2.50x	10	15
Cashout	2.24x	33	40.92
John3200	2.20x	100	120
Timothy8609	2.18x	20	23.6
Makauuu	2.14x	13	14.82
Jkkk123	2.14x	280	319.2
Ericore	2.12x	500	560
Micheni53	2.12x	10	11.2
120310	2.10x	17	18.7
Vinnykilele1996	2.10x	120	132
Domain	2.10x	10	11
Saboth	2.10x	10	11
Jm512	2.08x	70	75.6
Taboras20	2.08x	270	291.6
Oliver99	2.00x	15	15
NAFTAL1988	2.00x	10	10
Xim	2.00x	10	10
Umoka	2.00x	50	50
106996kk	2.00x	50	50
Laggat	1.89x	10.8	9.61
Dimniin	1.75x	30	22.5
Birundu2023	1.68x	12	8.16
L1	1.68x	65	44.2
Faital	1.64x	100	64
Kairethu	1.60x	50	30
Roberto50	1.59x	70	41.3
Towett9400	1.58x	10	5.8
Double2	1.57x	10	5.7
Shusho1	1.52x	10	5.2
Lumia	1.51x	190	96.9
Jonte1646	1.49x	22	10.78
Baya299	1.30x	10	3
3171	1.27x	10	2.7
Shellykn	1.26x	10	2.6
Omnyangau	1.20x	49	9.8
25805754	1.17x	10	1.7
Esther3030	1.09x	10	0.9
Jkanty01	1.06x	100	6
Jidaa	1.33x	10	3.3
Ken510	1.26x	25	6.5
Jobbie	1.20x	10	2
Ciku2000	1.41x	500	205
Zea	1.40x	50	20
Alfayo12	1.40x	15	6
Johnny73	1.39x	10	3.9
zaki36445484	1.37x	10	3.7
Spencer10	1.36x	10	3.6
Kowinojnr	1.26x	10	2.6
Double2	1.24x	53	12.72
Francismuniu8717	1.20x	10	2
Aryann_27	1.15x	12.6	1.89
Caleb54041	1.12x	15	1.8
Wekesa16	1.11x	"3,000"	330
007king	1.10x	300	30
Fresh12	1.08x	10	0.8
Sweartheart	1.07x	42	2.94
Ajo462	1.07x	251	17.57
Otienolavin	1.07x	10	0.7
Ian54945	1.05x	50	2.5
30840500	1.04x	10	0.4
Machuka44	1.04x	10	0.4
Jeni254	1.03x	10	0.3
motorcar2	3.00x	10	20
rudishapesa	2.53x	599	916.47
Caleb52	2.00x	"1,000"	"1,000"
Wekesa16	2.00x	"1,000"	"1,000"
SHERLOCK63	1.79x	10	7.9
Jidaa	1.33x	10	3.3
Ken510	1.26x	25	6.5
Jobbie	1.20x	10	2
Kimick	1.82x	200	164
Suzie1	1.76x	200	152
Washa122	1.68x	79	53.72
Dolly1188	1.63x	10	6.3
Kipranga	1.60x	18	10.8
DuppleN	1.58x	10	5.8
Double2	1.52x	10	5.2
Emmanuel06	1.50x	20	10
Machuka44	1.50x	10	5
Msso	1.50x	50	25
WKM71	1.50x	50	25
Spencer10	1.45x	10	4.5
Un99	1.41x	15	6.15
Otienolavin	1.41x	10	4.1
Nandwa81	1.37x	10	3.7
Nungunungu	1.36x	40	14.4
Omariba2023	1.25x	10	2.5
nafu2013	1.25x	15	3.75
hamnje	1.24x	10	2.4
Francismuniu8717	1.20x	10	2
Omnyangau	1.20x	49	9.8
Vixs1	1.19x	17	3.23
kabathah	1.18x	25	4.5
Lterwa	1.11x	10	1.1
Ciku2000	1.10x	500	50
Wekerey	1.09x	150	13.5
Saboth	1.09x	10	0.9
Ian54945	1.07x	50	3.5
Johnamos	1.06x	14	0.84
Phoeb139	1.06x	19	1.14
Jeni254	1.06x	10	0.6
Big100	1.04x	11	0.44
Nun	1.70x	175	122.5
Jb0001	1.68x	29.78	20.25
Nancie637	1.66x	25	16.5
Daizy54	1.64x	15	9.6
wampum1	1.64x	20	12.8
Patrick5696	1.60x	100	60
Murei1990	1.60x	24	14.4
Delosmonteros	1.57x	70	39.9
Tumaini44	1.57x	300	171
Kki6	1.56x	20	11.2
Konate123	1.54x	65	35.1
Kiokomuli18	1.50x	26.94	13.47
Oliseh85	1.50x	20	10
Bur	1.50x	125	62.5
MKL2	1.49x	10	4.9
Shusho1	1.47x	10	4.7
Johnamos	1.44x	14.85	6.53
walimwengu	1.44x	570	250.8
Nandwa81	1.43x	10	4.3
Mzae2050	1.41x	10	4.1
Cowboy42	1.35x	12	4.2
Saboth	1.34x	10	3.4
Big100	1.31x	16	4.96
007king	1.30x	396	118.8
jess01	1.30x	10	3
Carol22	1.28x	12	3.36
DOTADIE	1.28x	137	38.36
Mary64111	1.27x	20	5.4
Sleey	1.24x	20	4.8
Omnyangau	1.20x	49	9.8
Sawe75	1.20x	100	20
Lilwet	1.20x	10	2
Veteran100	1.20x	100	20
Sangben614	1.17x	30	5.1
Travo152	1.10x	10	1
Jeni254	1.04x	10	0.4
Rian0068_	1.03x	60	1.8
jay8054	1.95x	10	9.5
312717	1.73x	30	21.9
THChemist420	1.70x	40	28
SHERLOCK63	1.62x	10	6.2
Donald13	1.46x	100	46
MumamazWaRuaka	1.06x	10	0.6
Debajior	1.54x	20	10.8
Hilo24	1.52x	20	10.4
MKL2	1.51x	10	5.1
Emmanuel06	1.50x	20	10
Msso	1.50x	75	37.5
Konya98	1.50x	15	7.5
Ezekiel050	1.50x	10	5
Eliswadakta	1.50x	44	22
Sento001	1.50x	50	25
SHERLOCK63	1.45x	10	4.5
Sawe75	1.44x	100	44
Joelo	1.43x	30	12.9
Hilarious88	1.42x	15	6.3
Patrick5696	1.42x	100	42
Nancie637	1.42x	25	10.5
Cowboy42	1.40x	16	6.4
Denzil284	1.40x	10	4
Evaly8	1.40x	180	72
Shusho1	1.32x	10	3.2
Moriobazu	1.28x	300	84
Eva111	1.27x	10	2.7
nafu2013	1.25x	15	3.75
The_stitch	1.25x	12	3
Travo152	1.24x	10	2.4
abgy	1.24x	11	2.64
Wekerey	1.24x	177	42.48
Chepkemboi42	1.23x	48	11.04
Tumaini44	1.21x	300	63
Machuka44	1.20x	10	2
Francismuniu8717	1.20x	10	2
Omnyangau	1.20x	49	9.8
Thewinner123	1.19x	10	1.9
David159	1.15x	800	120
Makote	1.12x	20	2.4
ZionE	1.10x	10	1
enock11127	1.09x	20	1.8
Dans22	4.19x	500	"1,595"
Chemasude	4.15x	"1,200"	"3,780"
Frankkk	3.13x	"1,000"	"2,130"
Titusngeno	3.00x	10	20
Akollo	2.04x	11.35	11.8
10pl	2.00x	600	600
Caleb52	2.00x	"1,000"	"1,000"
Gil88	2.00x	"1,000"	"1,000"
Kizito82	2.00x	100	100
Samdan33	2.00x	10	10
Eliud33543	2.00x	10	10
jay8054	1.95x	10	9.5
312717	1.73x	30	21.9
THChemist420	1.70x	40	28
SHERLOCK63	1.62x	10	6.2
Donald13	1.46x	100	46
MumamazWaRuaka	1.06x	10	0.6
Nungunungu	1.04x	40	1.6
Kipsa123	1.02x	40	0.8
Enozi	2.65x	20	33
Robert-_3	2.59x	"1,250"	"1,987.50"
Mwanxa	2.19x	20	23.8
Gift44	2.18x	127	149.86
Ann2266	2.12x	20	22.4
10pl	2.00x	"1,600"	"1,600"
Wambuaken12329	2.00x	20	20
Busbay	2.00x	10	10
Frankkk	1.78x	"3,000"	"2,340"
Gitoka	1.56x	200	112
motorcar2	1.50x	10	5
Mercyy100	1.43x	10	4.3
Saina25	1.41x	100	41
Kowinojnr	1.39x	10	3.9
Purityjp	1.10x	10	1
James024	4.40x	10.72	36.45
Siyoi	4.39x	10	33.9
Hiao	4.22x	100	322
sammykemboi335	4.20x	50	160
Kingili	4.19x	10	31.9
Y163	4.16x	40	126.4
1234123	3.90x	50	145
Celeb_254	3.76x	20	55.2
Shalty	3.70x	10	27
Frekika	3.43x	10	24.3
Susy2023	3.38x	10	23.8
John2215	3.32x	40	92.8
naks1988	3.25x	"1,000"	"2,250"
Fakegiant	3.21x	50	110.5
Kinoi	3.17x	10	21.7
Alfayo12	3.15x	15	32.25
X-ray4094	3.03x	20	40.6
Kajojosparta	3.00x	10	20
Ezekiel050	2.69x	10	16.9
Mae006	2.28x	27	34.56
Lishan2	2.27x	85	107.95
Micheni53	2.18x	10	11.8
Jahkey_254	2.06x	10	10.6
Tony_35	2.06x	100	106
Magiya38	2.00x	30	30
Nabangala	2.00x	10	10
Mikekw	2.00x	10	10
Imbuhila	2.00x	10	10
Chelseashit	1.98x	50	49
Jacobs22	1.77x	10	7.7
Sawe75	1.62x	100	62
Momanyi72	1.58x	10	5.8
Justoeh	1.56x	10	5.6
312717	1.53x	20	10.6
Siele1	1.50x	20	10
Joygas	1.50x	10	5
Macy25423	1.48x	50	24
Lenizo	1.28x	59	16.52
Lilwet	1.20x	10	2
Nandwa81	1.16x	10	1.6
DuppleN	1.10x	10	1
Teddy2023	1.07x	10	0.7
Oldest	3.06x	10	20.6
Chiambe32	3.01x	10	20.1
Wathedo	3.00x	100	200
Meshalkun	2.93x	15	28.95
Aryann_27	2.89x	12.4	23.44
benson9593	2.85x	58	107.3
Jkkk123	2.79x	250	447.5
Yobra2352	2.77x	10	17.7
Afrikash	2.69x	20	33.8
Betty5440	2.60x	123.9	198.24
sammykemboi335	2.53x	60	91.8
Joyce23456	2.29x	100	129
Orawa	2.25x	50	62.5
Cowboy42	2.21x	20.6	24.93
762god	2.16x	14	16.24
Warrio	2.13x	25	28.25
Mesh005	2.09x	500	545
Diana6	2.09x	10	10.9
Ericore	2.08x	500	540
Frankkk	2.06x	"3,000"	"3,180"
JLM06	2.05x	90	94.5
abgy	2.05x	11	11.55
Mosoninique	2.00x	10	10
KEMOI930	2.00x	20	20
lintonm	2.00x	10	10
Xim	2.00x	10	10
r1177bt	1.98x	100	98
Sheaggie	1.97x	10	9.7
Gamaco	1.95x	10	9.5
Hillush	1.76x	10	7.6
Birundu2023	1.74x	10	7.4
garnacho59	1.67x	10	6.7
Ren-_	1.66x	10	6.6
Bee-127	1.66x	12	7.92
Murei1990	1.60x	24	14.4
Kipkirui9868	1.59x	16	9.44
Elono254	1.56x	10	5.6
Sento001	1.50x	60	30
Alfayo12	1.44x	15	6.6
Mary07shanish	1.43x	10	4.3
ruiru_finest	1.38x	15	5.7
Nungunungu	1.36x	40	14.4
Standard7d	1.33x	10	3.3
jemwas	1.12x	50	6
30840500	1.10x	10	1
Justoeh	1.07x	10	0.7
Hhftfff	5.00x	30	120
Shalty	4.99x	10	39.9
Sunn	4.86x	153	590.58
Enozi	4.63x	10	36.3
James024	4.32x	13.48	44.75
Shalom22	4.32x	50	166
Oldest	4.21x	10	32.1
Kingili	4.14x	10	31.4
M0M0-M0M	3.79x	10	27.9
Shadma	3.64x	150	396
notty2	3.53x	10	25.3
Kinoi	3.26x	13	29.38
Xykaa	3.10x	900	"1,890"
Collins20036	3.00x	10	20
Money34	2.90x	52	98.8
6KPERDAY	2.86x	77	143.22
Veave	2.74x	10	17.4
Whitesnow7	2.63x	20	32.6
Lenboy	2.55x	41	63.55
34376069	2.52x	100	152
Rk25621050	2.50x	30	45
Julian06-11-	2.50x	30	45
Ahata	2.38x	50	69
Billl1	2.36x	20	27.2
Jum11	2.28x	10.72	13.72
Tapkutuny	2.23x	10	12.3
Moneymon	2.22x	10	12.2
Oskinda49	2.18x	11	12.98
Walter15	2.16x	154	178.64
PeterNdekei	2.13x	20	22.6
Maggie41	2.12x	157	175.84
Melbin2001	2.12x	250	280
Mo003	2.10x	10	11
Towett9400	2.09x	10	10.9
Lilianmueni	2.09x	50	54.5
Collan	2.05x	50	52.5
Mary07shanish	2.03x	10	10.3
Mavin2	2.01x	250	252.5
Daizy54	2.01x	26	26.26
Accidentally	2.00x	50	50
Jashon31	2.00x	40	40
Badass93	2.00x	10	10
Jonte1646	2.00x	10	10
Hashnah	2.00x	10	10
Geff144	2.00x	100	100
Oliver99	2.00x	10	10
X-ray4094	1.72x	27	19.44
Thewinner123	1.59x	20	11.8
Elono254	1.58x	10	5.8
ruiru_finest	1.52x	15	7.8
Sean7	1.50x	10	5
Saboth	1.45x	10	4.5
martin202212	1.30x	40	12
Toru254	1.21x	100	21
Tuposite	2.67x	100	167
Akollo	2.64x	12.62	20.7
Fresh12	2.47x	10	14.7
Miler	2.45x	17	24.65
Ezekiel050	2.42x	10	14.2
Goolly	2.36x	10	13.6
Governor_001	2.29x	"1,000"	"1,290"
Joramliso	2.29x	15	19.35
sinika	2.25x	20	25
Boss821	2.25x	100	125
Donald13	2.21x	39.65	47.98
Maina33k	2.17x	70	81.9
Esther61	2.16x	10	11.6
Mwakavi14	2.14x	50	57
Joseph_Nyamos	2.13x	20	22.6
Mxfi	2.12x	14	15.68
pkoech234	2.12x	200	224
Cow2188	2.11x	10	11.1
Ken12345	2.09x	33	35.97
Lilianmueni	2.09x	50	54.5
Daizy567	2.09x	10	10.9
THChemist420	2.04x	10	10.4
Chelseashit	2.03x	50	51.5
Qwamb	2.00x	"2,000"	"2,000"
Samdan33	2.00x	10	10
Seroi1	2.00x	20	20
KEMOI930	2.00x	10	10
Mikekw	2.00x	10	10
Nicole10	2.00x	20	20
Br36525252	2.00x	20	20
Fmem	2.00x	50	50
Jobbie	2.00x	10	10
Cyrus1Dida	1.99x	"1,000"	990
Bee-127	1.95x	12	11.4
James024	1.90x	18.23	16.41
Nakuru24	1.90x	100	90
Hillary8857	1.84x	12.54	10.53
Cowboy42	1.71x	29.59	21.01
Daizy54	1.68x	16	10.88
Kiget10	1.64x	100	64
Katugwa	1.58x	10.45	6.06
Roberto50	1.53x	70	37.1
AllanJane	1.51x	100	51
Sento001	1.50x	30	15
80760	1.50x	10	5
Lilian45605	1.49x	10	4.9
Travo152	1.46x	16	7.36
Holie	1.38x	17	6.46
shaw254	1.30x	10	3
Jkanty01	1.25x	10	2.5
202083	1.16x	19	3.04
Lavinah	1.14x	10	1.4
Maina33k	2.18x	70	82.6
Teddy2023	2.16x	15	17.4
Frekika	2.12x	10	11.2
Thatu	2.12x	10	11.2
Mwanxa	2.11x	20	22.2
10pl	2.10x	600	660
Ciku2000	2.10x	50	55
202083	2.10x	15	16.5
Donmyraphy	2.10x	20	22
Ellylydia	2.09x	10	10.9
Gf22222	2.06x	100	106
Cherrybrav	2.02x	300	306
Goat254_	2.01x	10	10.1
THChemist420	2.01x	10.41	10.51
Macy25423	2.00x	50	50
Mutkiben11	2.00x	10	10
Samdan33	2.00x	10	10
Geff144	2.00x	100	100
Henry_loi	2.00x	10	10
Jonte1646	2.00x	10	10
Zippykerubo	2.00x	150	150
Magiya38	2.00x	30	30
Agogo81	1.99x	50	49.5
Tuposite	1.98x	100	98
Roberto50	1.98x	120	117.6
Javanmusau	1.85x	300	255
Charum	1.84x	300	252
Kevman	1.79x	17	13.43
Bryio254	1.74x	10	7.4
TVAJ	1.70x	10	7
Phelix20	1.59x	85	50.15
Wekerey	1.57x	55.99	31.91
Elono254	1.57x	10	5.7
Gedion2022	1.53x	124	65.72
30840500	1.47x	10	4.7
Lishan2	1.47x	185	86.95
olango123	1.38x	40	15.2
Nungunungu	1.36x	40	14.4
Kronnie79	1.34x	300	102
Dream699	1.30x	10	3
Kairethu	1.29x	30	8.7
Popsen	1.22x	10	2.2
Lumia	1.22x	300	66
teoXke	1.21x	409	85.89
Lilwet	1.20x	20	4
Machuka44	1.20x	10	2
GENEINO	1.18x	15	2.7
Cowboy42	1.10x	50.6	5.06
Cheboit45	1.57x	10	5.7
Minto33	1.49x	15.6	7.64
Sanga306	1.11x	"1,000"	110
Kinara23665130	1.10x	10	1
Imbuhila	1.05x	10	0.5
Mutkiben11	3.42x	10	24.2
Re56	3.30x	10	23
Kumi321	3.17x	20	43.4
Akuti	3.00x	63	126
Nicole10	3.00x	20	40
Betty5440	2.97x	100	197
33160546	2.72x	10	17.2
Mav1860	2.69x	10	16.9
nicholasmbugua	2.62x	250	405
JLM06	2.44x	90	129.6
Nyar27	2.30x	20	26
Goolly	2.29x	10	12.9
Mweusimbili	2.26x	10	12.6
Ayan2861	2.24x	38	47.12
Ogora28	2.20x	74	88.8
Siyoi	2.20x	10	12
Mzae2050	2.16x	100	116
Nelson2023	2.13x	93.83	106.03
Paul27931228	2.11x	10	11.1
Kmgw55	2.10x	30	33
Rgdeecure	2.10x	20	22
Mxfi	2.10x	15	16.5
kdd116	2.09x	50	54.5
Cherrybrav	2.09x	197	214.73
Frank9390	2.08x	13	14.04
Billl1	2.05x	20	21
Kapsoo1	2.04x	300	312
Dancokim	2.04x	10	10.4
Marka21	2.02x	20	20.4
Mavin2	2.02x	250	255
Naomyokelo2030	2.00x	10	10
Oliver99	2.00x	25	25
Kevo6059	2.00x	50	50
Jiom	1.93x	11	10.23
Gitau100	1.85x	25	21.25
Meshack644621	1.78x	10	7.8
spiral5	1.60x	20	12
Murei1990	1.60x	24	14.4
johnnymras	1.54x	10	5.4
Jurist	1.50x	500	250
Chesoli1	1.50x	10	5
Faital	1.49x	100	49
Collo134	1.40x	20	8
Baya299	1.37x	10	3.7
MASTERPIECE_KE	1.27x	20	5.4
Vokes15	1.26x	40	10.4
Travo152	1.24x	16	3.84
Anita2231	1.21x	59	12.39
169969	1.13x	10	1.3
Lindatoo	3.12x	20	42.4
Jahkey_254	3.10x	10	21
Centoh58	3.09x	500	"1,045"
Robert-_3	3.07x	600	"1,242"
37700491	3.00x	10	20
Fabisch	3.00x	10	20
drunk8	2.89x	40	75.6
Esilaba	2.83x	150	274.5
Robertkigen	2.77x	22	38.94
Chepaipai	2.71x	50	85.5
Code5717	2.69x	10	16.9
bagas	2.63x	10	16.3
Mama_mboga	2.50x	10	15
Maina33k	2.38x	70	96.6
Susy2023	2.29x	10	12.9
tuskah	2.24x	22.69	28.14
Shusho1	2.21x	16	19.36
Kiokomuli18	2.18x	40.4	47.67
spiral5	2.18x	20	23.6
Kipshadrack	2.16x	150	174
MarthaG	2.14x	10	11.4
106996kk	2.11x	10.34	11.48
Frekika	2.08x	10	10.8
hamnje	2.07x	73	78.11
Moses28986	2.07x	10	10.7
Diana6	2.06x	10	10.6
pkoech234	2.04x	200	208
Goolly	2.03x	10	10.3
anita33	2.02x	10	10.2
Cynthiah23	2.00x	12	12
Harrison6279	2.00x	10	10
Cindy96	2.00x	10	10
Caleb52	2.00x	700	700
Mali2	2.00x	10	10
Lavinah	2.00x	12.22	12.22
Orawa	2.00x	100	100
Kelani2019	2.00x	50	50
Rok1	1.88x	25	22
zaki36445484	1.85x	15	12.75
Ben616	1.74x	10	7.4
Nnnnnnnnn	1.70x	12	8.4
Boss821	1.66x	100	66
Gedion2022	1.58x	35	20.3
Xim	1.57x	10	5.7
Travo152	1.57x	18	10.26
Jidaa	1.56x	10	5.6
Hellen14	1.52x	10	5.2
Donald13	1.51x	27.94	14.25
Kemboi123451	1.49x	50	24.5
Mary64111	1.29x	20	5.8
BKK01	1.29x	20	5.8
Jeni254	1.28x	10	2.8
Lilwet	1.20x	20	4
Francismuniu8717	1.20x	10	2
Omariba2023	1.15x	50	7.5
georgeokusimba	1.04x	20	0.8
Atemi73	1.52x	10	5.2
Batiem29	1.50x	"1,000"	500
Kingcharles	1.12x	"1,000"	120
4014luci	1.10x	10	1
Shusho1	1.09x	10	0.9
MUNIALO1236	1.06x	10	0.6
sad4	1.84x	24	20.16
Lenizo	1.84x	53	44.52
Kipro979	1.82x	20	16.4
Stivo100	1.81x	10	8.1
Qwamb	1.79x	250	197.5
Teeka45	1.68x	10	6.8
Chica9	1.66x	150	99
Roberto50	1.65x	111	72.15
Sony20	1.65x	400	260
Murei1990	1.60x	24	14.4
Jacobs22	1.59x	15	8.85
Akund	1.59x	15	8.85
Atemi73	1.58x	20	11.6
SHERLOCK63	1.58x	10	5.8
Elono254	1.52x	10	5.2
Nandwa81	1.51x	10	5.1
Jurist	1.50x	500	250
Msso	1.50x	50	25
MASTERPIECE_KE	1.50x	20	10
Nzuki2023	1.50x	30	15
Harrison6279	1.50x	10	5
Ongera2	1.50x	"3,000"	"1,500"
Rok1	1.49x	147	72.03
Damawaraybeb	1.46x	10	4.6
90001	1.44x	14	6.16
Dante_kama	1.40x	"1,400"	560
Gimgelin2017	1.37x	20	7.4
Nungunungu	1.36x	40	14.4
Thewinner123	1.30x	10	3
Nashon54	1.24x	30	7.2
Alfayo12	1.22x	17	3.74
Eva111	1.21x	10	2.1
Lilwet	1.20x	20	4
Taliban17	1.15x	10	1.5
Driller69	1.10x	25	2.5
VKGG	1.07x	30	2.1
Sinta123	1.06x	50.45	3.03
k88888	1.03x	10	0.3
Jobbie	1.03x	10	0.3
HeyK	1.03x	500	15
Karis70	4.19x	10	31.9
Nikohapa	4.19x	100	319
Ahata	4.18x	50	159
Chiambe32	4.16x	10	31.6
MKL2	4.07x	10	30.7
Sunn	3.64x	153	403.92
covenant123	3.61x	30	78.3
Peter3030	3.48x	10	24.8
Beto	3.41x	238	573.58
Delosmonteros	3.22x	20	44.4
Kapsoo1	3.21x	300	663
Delia556	3.15x	50	107.5
Jhgyhc	3.00x	50	100
Lenboy	2.94x	35	67.9
Nchore12	2.91x	13.32	25.44
Ogora28	2.61x	74	119.14
Lydiah2023	2.54x	16	24.64
Mwanxa	2.45x	20	29
MarthaG	2.43x	10	14.3
Nun	2.29x	125	161.25
Abdall	2.27x	10	12.7
Victor218	2.20x	99	118.8
Ki6802	2.20x	40	48
Calistus62	2.13x	100	113
Frank9390	2.10x	15	16.5
Janepher20_-	2.02x	10	10.2
Kotap	2.00x	50	50
Meshack644621	2.00x	10	10
Oliver99	2.00x	10	10
Elias7	1.99x	10	9.9
Mwas22425	1.97x	27	26.19
106996kk	1.93x	10.8	10.04
Kipshadrack	1.87x	150	130.5
Chal59	1.81x	10	8.1
Chica9	1.77x	150	115.5
Nandwa81	1.75x	10	7.5
abgy	1.72x	25	18
Kianyamu	1.70x	10	7
Msomalia	1.70x	10	7
Donald13	1.69x	104	71.76
Shano2020	1.64x	10	6.4
Obibashiri	1.59x	20	11.8
Ranjozk	1.59x	100	59
Moriobazu	1.52x	274	142.48
Faital	1.51x	100	51
Machuka44	1.50x	10	5
HEMA20	1.50x	20	10
Gedion2022	1.36x	35	12.6
Nungunungu	1.36x	40	14.4
Omnyangau	1.20x	49	9.8
Phoebe10	1.17x	10	1.7
loneranger254	1.13x	11	1.43
Baya299	1.09x	10	0.9
Sinta123	1.08x	50.45	4.04
Jacknorris	2.55x	12.2	18.91
Cowboy42	2.27x	10	12.7
Obibashiri	2.13x	20	22.6
Daizy567	2.11x	10	11.1
Alpher1278	2.11x	10	11.1
Mwakiy621	2.08x	98	105.84
Nelsi	2.06x	"1,262"	"1,337.72"
Batiem29	2.00x	500	500
Pakamia200	1.50x	15.91	7.96
Notyboy20	1.50x	30	15
Yuxuf	1.34x	10	3.4
Hakimi24	1.16x	10	1.6
AllanJane	1.14x	50	7
Shusho1	1.11x	10	1.1
Danoma	6.94x	10	59.4
Chemu20	3.89x	340	982.6
Chemasude	3.87x	"1,200"	"3,444"
Mweusimbili	3.40x	10	24
Hilda2030	3.19x	20	43.8
Davidmkala	3.13x	156	332.28
Lennox44	3.08x	10	20.8
Robert-_3	3.07x	"1,500"	"3,105"
ME3U	3.01x	"1,729"	"3,475.29"
Jacknorris	2.55x	12.2	18.91
Cowboy42	2.27x	10	12.7
Obibashiri	2.13x	20	22.6
Daizy567	2.11x	10	11.1
Alpher1278	2.11x	10	11.1
Mwakiy621	2.08x	98	105.84
Nelsi	2.06x	"1,262"	"1,337.72"
Batiem29	2.00x	500	500
Pakamia200	1.50x	15.91	7.96
Notyboy20	1.50x	30	15
Yuxuf	1.34x	10	3.4
Hakimi24	1.16x	10	1.6
AllanJane	1.14x	50	7
Shusho1	1.11x	10	1.1
Sween185	15.92x	10	149.2
Shortwave20409	11.19x	10	101.9
Lornah1384	11.07x	50	503.5
Director2023	10.74x	"1,936"	"18,856.64"
Danoma	6.94x	10	59.4
Chemu20	3.89x	340	982.6
Chemasude	3.87x	"1,200"	"3,444"
Mweusimbili	3.40x	10	24
Hilda2030	3.19x	20	43.8
Davidmkala	3.13x	156	332.28
Lennox44	3.08x	10	20.8
Robert-_3	3.07x	"1,500"	"3,105"
ME3U	3.01x	"1,729"	"3,475.29"
Jacknorris	2.55x	12.2	18.91
Cowboy42	2.27x	10	12.7
Obibashiri	2.13x	20	22.6
Daizy567	2.11x	10	11.1
Alpher1278	2.11x	10	11.1
Mwakiy621	2.08x	98	105.84
Nelsi	2.06x	"1,262"	"1,337.72"
Batiem29	2.00x	500	500
Pakamia200	1.50x	15.91	7.96
Notyboy20	1.50x	30	15
Yuxuf	1.34x	10	3.4
Hakimi24	1.16x	10	1.6
AllanJane	1.14x	50	7
Shusho1	1.11x	10	1.1
k3000	8.77x	80	621.6
Lennoxis	8.34x	10	73.4
Robyzwa	8.07x	10	70.7
jess01	7.50x	10	65
Sjohnj1811	7.40x	29	185.6
Shally53	7.36x	10	63.6
nicholasmbugua	6.66x	250	"1,415"
Stephenkamaa11	6.11x	25	127.75
Delosmonteros	5.27x	10	42.7
Hhftfff	5.23x	50	211.5
Mwanxa	5.00x	20	80
Canado	5.00x	10	40
37chepngeno	4.91x	10	39.1
Wambuaken12329	4.84x	10	38.4
Dama789	4.14x	250	785
Phelix20	4.12x	85	265.2
frankline2639	3.92x	10	29.2
Kimuuuu	3.68x	400	"1,072"
Nchore12	3.62x	13.32	34.9
Dimniin	3.42x	20	48.4
Jachina	3.35x	50	117.5
Mary64111	3.13x	20	42.6
Nikohapa	3.13x	100	213
Rkk002	3.05x	20	41
Aym	3.00x	16	32
Morgan2995	3.00x	100	200
Victor218	2.80x	99	178.2
Atemi73	2.63x	20	32.6
Akund	2.46x	17	24.82
Cindy96	2.39x	16.39	22.78
Kiget10	2.34x	100	134
Joseph243	2.32x	45	59.4
Rael2012	2.28x	20	25.6
Jkkk123	2.18x	350	413
Roberto50	2.12x	70	78.4
Timothy8609	2.12x	20	22.4
roadway5	2.09x	10	10.9
Nya15	2.08x	10	10.8
Goolly	2.08x	10	10.8
Leah6583	2.00x	20	20
Machuka44	2.00x	10	10
Will390	1.87x	10	8.7
Kemboi123451	1.83x	50	41.5
Kingjoel	1.81x	10	8.1
Tumaini44	1.81x	121	98.01
Re56	1.78x	10	7.8
Sanga306	1.50x	"1,000"	500
Fresh12	1.29x	20	5.8
Justoeh	1.04x	10	0.4
Mushkar	1.23x	20	4.6
Mus30	1.18x	10	1.8
Kingcharles	1.08x	"1,000"	80
DeeejayPaps	1.04x	100	4
Br36525252	1.03x	19	0.57
Vokeeeeeeeee	3.00x	34	68
90001	3.00x	10	20
Janepher20_-	2.97x	10	19.7
ed1628	2.92x	29	55.68
hamnje	2.92x	70	134.4
Gitau100	2.86x	13	24.18
Tvs123	2.69x	100	169
Nungunungu	2.61x	40	64.4
Mischa	2.53x	10	15.3
Becky1002	2.50x	51	76.5
Evan-s	2.47x	10	14.7
4014luci	2.45x	10	14.5
Yobra2352	2.36x	10	13.6
Suzie1	2.36x	200	272
Favour1	2.33x	500	665
zaki36445484	2.31x	15	19.65
MarthaG	2.29x	10	12.9
Cozcozy	2.29x	50	64.5
Kenpoly	2.20x	19.21	23.05
Timothy8609	2.16x	20	23.2
Diana1113	2.10x	12.4	13.64
Jeruuk	2.10x	10	11
Hellen14	2.07x	10	10.7
Chelseashit	2.07x	50	53.5
312717	2.03x	30	30.9
Gamaco	2.02x	10	10.2
K_joe7	2.00x	"1,000"	"1,000"
Siyoi	2.00x	98.1	98.1
Shaun	2.00x	25	25
Rk25621050	2.00x	30	30
Goat254_	2.00x	10	10
Naomyokelo2030	2.00x	10	10
Machuka44	2.00x	10	10
Kipchirchirclodi	1.99x	16	15.84
202083	1.70x	20	14
Fresh12	1.66x	20	13.2
wazah	1.60x	10	6
Daizy54	1.59x	16	9.44
Mweusimbili	1.58x	10	5.8
Lterwa	1.51x	10	5.1
Francismuniu8717	1.50x	10	5
Patrick5696	1.35x	100	35
Motorhub	1.34x	16	5.44
nafu2013	1.25x	15	3.75
Olololkbvv	1.25x	275	68.75
ruiru_finest	1.20x	10	2
kabathah	1.05x	25	1.25
Isaac12345	3.00x	10	20
Denzil284	2.37x	10	13.7
Frankkk	2.32x	"3,000"	"3,960.00"
Esilaba	2.18x	10	11.8
Shiketi	2.09x	10	10.9
Mweusimbili	2.09x	10	10.9
42345	2.01x	10	10.1
Caleb52	2.00x	"1,000"	"1,000"
Batiem29	1.49x	"1,000"	490
walimwengu	1.34x	791	268.94
Mushkar	1.23x	20	4.6
Mus30	1.18x	10	1.8
Kingcharles	1.08x	"1,000"	80
DeeejayPaps	1.04x	100	4
Br36525252	1.03x	19	0.57
Toru254	4.21x	500	"1,605"
frankline2639	4.15x	10	31.5
Leah6583	3.98x	10	29.8
Muruguru12	3.98x	28	83.44
Babu04	3.78x	10	27.8
Dedee	3.60x	84	218.4
Wangaricaroline1	3.29x	23	52.67
Rok1	3.18x	35	76.3
Dan1993	3.18x	100	218
Daniel2244	3.16x	10	21.6
6KPERDAY	2.88x	75	141
Jum11	2.84x	22.72	41.8
Peter3030	2.77x	14	24.78
Elphasruto	2.75x	20	35
Alnaas	2.72x	13	22.36
Frankkk	2.70x	"3,000"	"5,100.00"
Brayo1010	2.67x	10	16.7
Joramliso	2.64x	25	41
Titus1972	2.45x	100	145
Kinara23665130	2.40x	10	14
Nicholas30	2.37x	45	61.65
Mrassdeh	2.35x	34	45.9
Joywanga	2.30x	20	26
Ezekiel050	2.24x	10	12.4
Jelagat22	2.18x	10	11.8
Mo003	2.13x	10	11.3
Ekeboko254	2.11x	10	11.1
georgeokusimba	2.11x	10	11.1
Saina25	2.11x	200	222
Jkkk123	2.09x	350	381.5
Ivykebenei624	2.08x	20	21.6
emmah273	2.07x	60	64.2
Kogi7	2.00x	10	10
Bethwel87	2.00x	250	250
Caleb52	2.00x	"1,000"	"1,000"
Mulwa202364	2.00x	20	20
Tumaini44	1.99x	121	119.79
Kowinojnr	1.95x	10	9.5
filly5	1.95x	54	51.3
Vokeeeeeeeee	1.93x	34	31.62
SHERLOCK63	1.74x	10	7.4
Nandwa81	1.67x	10	6.7
005kungu	1.57x	20	11.4
Pakamia200	1.56x	15	8.4
First_diot	1.56x	10	5.6
notty2	1.54x	17	9.18
Agogo81	1.54x	44.5	24.03
Demmore66	1.53x	50	26.5
Bilia23	1.29x	10	2.9
nafu2013	1.25x	15	3.75
Desha254	1.16x	20	3.2
Cheboit45	1.16x	10	1.6
Derrick283643	1.13x	10	1.3
Kennedy19	1.04x	99	3.96
Melbin2001	8.43x	255	"1,894.65"
Gervinho66	8.14x	100	714
Chemasude	5.88x	"1,200"	"5,856"
Chigigs	4.66x	161	589.26
Lukulu40	4.32x	196	650.72
Ayan2861	4.29x	100	329
Maggiebaby	3.73x	37	101.01
premier3	3.36x	10	23.6
Kajojosparta	3.24x	10	22.4
Isaac12345	3.00x	10	20
Denzil284	2.37x	10	13.7
Frankkk	2.32x	"3,000"	"3,960.00"
Esilaba	2.18x	10	11.8
Shiketi	2.09x	10	10.9
Mweusimbili	2.09x	10	10.9
42345	2.01x	10	10.1
Caleb52	2.00x	"1,000"	"1,000"
Batiem29	1.49x	"1,000"	490
walimwengu	1.34x	791	268.94
Mushkar	1.23x	20	4.6
Mus30	1.18x	10	1.8
Kingcharles	1.08x	"1,000"	80
DeeejayPaps	1.04x	100	4
Br36525252	1.03x	19	0.57
Cindy96	1.51x	10	5.1
Lterwa	1.50x	10	5
Jimmar	1.50x	20	10
Jobbie	1.50x	10	5
Gedion2022	1.46x	35	16.1
Evan-s	1.44x	10	4.4
kiplimo333	1.42x	15	6.3
Jaokor	1.40x	10.16	4.06
Jaguar1984	1.39x	50	19.5
jothamapongo	1.39x	165	64.35
762god	1.38x	14	5.32
Laura-3	1.35x	100	35
Phyl640	1.31x	150	46.5
Esther61	1.30x	10	3
Cowboy42	1.29x	37.35	10.83
Hilo24	1.25x	20	5
nafu2013	1.25x	15	3.75
teoXke	1.24x	300	72
Eunicemw	1.22x	10	2.2
Ngeno41	1.20x	24	4.8
135030	1.20x	20	4
Siele1	1.20x	50	10
Veto97	1.14x	10	1.4
Nnnnnnnnn	1.14x	14	1.96
Kumi321	1.13x	10.4	1.35
Ratabei	1.12x	10.1	1.21
Gerishom12	1.06x	10	0.6
Jasaline	1.05x	50	2.5
Hustler1996	1.05x	25.22	1.26
Dian9	1.04x	10	0.4
228ak	1.01x	15	0.15
Collo134	2.81x	30	54.3
256068	2.70x	175	297.5
Danmunga	2.58x	40	63.2
Babysteps	2.52x	50	76
Orawa	2.50x	100	150
347396	2.38x	20	27.6
202083	2.32x	14	18.48
Calistus62	2.25x	100	125
Murei1990	2.19x	23	27.37
Jonte1646	2.18x	10	11.8
Shusho1	2.17x	13	15.21
Lavinah	2.15x	10.22	11.75
George888	2.14x	10	11.4
Mo003	2.11x	10	11.1
Atemi73	2.10x	20	22
Mzae2050	2.09x	100	109
ME3U	2.09x	"1,000"	"1,090"
Sylus234	2.08x	10	10.8
Prezzo4	2.01x	120	121.2
Double2	2.01x	50	50.5
Ev12345	2.00x	30	30
Lilwet	2.00x	20	20
Caleb52	2.00x	"1,000"	"1,000"
Kefu	2.00x	100	100
Kipranga	2.00x	30	30
Littleninake11	1.99x	20	19.8
Sinta123	1.83x	14	11.62
Jimmar	1.52x	20	10.4
Sento001	1.50x	150	75
Vokes15	1.33x	40	13.2
Furo42	1.32x	10	3.2
Miyawa12	1.24x	87	20.88
Alfayo12	1.22x	15	3.3
Nosh456	1.21x	10	2.1
Joywanga	1.13x	20	2.6
Ewaruiru	1.07x	30	2.1
Imaiimai	1.07x	20	1.4
Kingjoel	1.06x	10	0.6
enock11127	1.06x	20	1.2
Jasaline	1.04x	50	2
Dago26	1.03x	20	0.6
Susansimon	2.81x	15	27.15
Dickson7992	2.70x	15	25.5
MarthaG	2.23x	20.85	25.65
30747075Md	2.15x	500	575
Ogachi1660	2.15x	25	28.75
Davidm00	2.12x	20	22.4
OYIER1	2.00x	10	10
Lennox2134	2.00x	10	10
142	1.78x	"2,000"	"1,560"
David159	1.67x	"1,000"	670
SHERLOCK63	1.60x	10	6
Alcatraz231	1.30x	10	3
Purityjp	1.10x	10	1
Tony_35	2.40x	46	64.4
Danmunga	2.34x	40	53.6
Aym	2.34x	20	26.8
079520645m	2.33x	10	13.3
Jkkk123	2.30x	350	455
Mary266w	2.29x	10	12.9
256068	2.23x	175	215.25
Jairus7350	2.22x	10	12.2
Korir2014	2.20x	40	48
Ilulla	2.16x	20	23.2
Kenya000	2.14x	10	11.4
Yupyup	2.14x	10	11.4
Paul72	2.11x	377	418.47
Tai1ma-ster	2.09x	10	10.9
2000odili	2.09x	10	10.9
Xx99	2.08x	50	54
chee123	2.08x	150	162
Walter15	2.08x	150	162
Vokes15	2.06x	40	42.4
Nya15	2.05x	10	10.5
Hakimi24	2.01x	10	10.1
Septor	2.00x	10	10
Cris1985	2.00x	26	26
K1048	2.00x	10	10
Ev12345	2.00x	30	30
Kipsa123	2.00x	70	70
Joseph243	2.00x	45	45
titu8609	2.00x	50	50
Magiya38	2.00x	30	30
Kelani2019	2.00x	50	50
John93ffff	2.00x	10	10
Canado	2.00x	30	30
Tangus888	1.90x	50	45
Janepher20_-	1.86x	11	9.46
Nandwa81	1.79x	10	7.9
Susansimon	1.71x	60	42.6
Mayosh	1.67x	77	51.59
iiiwww	1.60x	31.82	19.09
Purityjp	1.54x	10	5.4
olango123	1.53x	40	21.2
Mkq9	1.52x	50	26
Jurist	1.50x	500	250
Joygas	1.50x	50	25
80760	1.50x	20	10
Cele1	1.36x	100	36
temper1	1.28x	35	9.8
Will390	1.25x	10	2.5
169969	1.17x	10	1.7
Fresh12	1.14x	20	2.8
Neresmar	1.04x	10	0.4
K145	6.60x	"1,650"	"9,240"
Moss2	6.10x	"1,000"	"5,100"
Frankeli	5.75x	10	47.5
Janoo1200	5.28x	10	42.8
Koech89	5.21x	35	147.35
keph	5.00x	50	200
Keithshako	5.00x	10	40
Hakimi24	5.00x	10	40
Tonycanon	4.61x	50	180.5
Robertwamenju	4.15x	"1,500"	"4,725.00"
Cow2188	3.17x	10	21.7
1236John	2.93x	300	579
Susansimon	2.81x	15	27.15
Dickson7992	2.70x	15	25.5
MarthaG	2.23x	20.85	25.65
30747075Md	2.15x	500	575
Ogachi1660	2.15x	25	28.75
Davidm00	2.12x	20	22.4
OYIER1	2.00x	10	10
Lennox2134	2.00x	10	10
142	1.78x	"2,000"	"1,560"
David159	1.67x	"1,000"	670
SHERLOCK63	1.60x	10	6
Alcatraz231	1.30x	10	3
Purityjp	1.10x	10	1
291KKK	5.31x	10	43.1
Cale59	5.28x	46	196.88
Paul2038	5.10x	15	61.5
Kichwa07	5.00x	10	40
Jokky	4.67x	11	40.37
Jhkjhhv889	4.50x	"2,999"	"10,496.50"
Mumbe96	4.42x	10.8	36.94
Paul72	4.21x	57	182.97
frankline2639	4.16x	10	31.6
Uhssa	4.14x	10	31.4
Ann5k	4.06x	500	"1,530.00"
Boiro	3.92x	12	35.04
Debajior	3.92x	40	116.8
willynjenga5	3.83x	330	933.9
777deno	3.69x	30	80.7
shaw254	3.40x	10	24
kian_c	3.36x	80	188.8
Calistus62	3.25x	100	225
Yobiz76	3.16x	10	21.6
Kasonko1	3.05x	50	102.5
Maggiebaby	3.04x	45	91.8
Henry_loi	3.00x	10	20
Mosioma97	2.92x	15	28.8
Gedion2022	2.81x	35	63.35
Lumia	2.71x	150	256.5
Elono254	2.59x	10	15.9
Nancie637	2.45x	10	14.5
Kisiifinest254	2.41x	47	66.27
Nyar27	2.40x	50	70
Jachina	2.26x	38	47.88
Waswa76	2.22x	83	101.26
Ajo462	2.14x	149	169.86
2000odili	2.08x	10	10.8
Chero2021	2.08x	10	10.8
Joker666	2.06x	150	159
Felixmuema	2.06x	20	21.2
1247dan	2.03x	50	51.5
Abdall	2.03x	10	10.3
Gitoka	2.03x	100	103
Cris1985	2.00x	26	26
Bettybetter	2.00x	98	98
Vinche	2.00x	12	12
briana97	1.99x	69	68.31
Isaak45	1.74x	12	8.88
Mav1860	1.63x	10	6.3
Sanga89	1.62x	10	6.2
jeffya	1.60x	10	6
Meshack644621	1.51x	10	5.1
Jurist	1.50x	500	250
washashi	1.50x	10	5
DOTADIE	1.39x	149	58.11
Kapsoo1	1.21x	300	63
Furo42	1.19x	10	1.9
Vokes15	1.04x	40	1.6
Chemasude	11.85x	"1,200"	"13,020"
custon41	9.58x	"1,000"	"8,580"
K145	6.60x	"1,650"	"9,240"
Moss2	6.10x	"1,000"	"5,100"
Frankeli	5.75x	10	47.5
Janoo1200	5.28x	10	42.8
Koech89	5.21x	35	147.35
keph	5.00x	50	200
Keithshako	5.00x	10	40
Hakimi24	5.00x	10	40
Tonycanon	4.61x	50	180.5
Robertwamenju	4.15x	"1,500"	"4,725.00"
Cow2188	3.17x	10	21.7
1236John	2.93x	300	579
Susansimon	2.81x	15	27.15
Dickson7992	2.70x	15	25.5
MarthaG	2.23x	20.85	25.65
30747075Md	2.15x	500	575
Ogachi1660	2.15x	25	28.75
Davidm00	2.12x	20	22.4
OYIER1	2.00x	10	10
Lennox2134	2.00x	10	10
142	1.78x	"2,000"	"1,560"
David159	1.67x	"1,000"	670
SHERLOCK63	1.60x	10	6
Alcatraz231	1.30x	10	3
Purityjp	1.10x	10	1
Murei1990	1.60x	23	13.8
Oyongi2030	1.60x	50	30
Agogo81	1.58x	30.13	17.48
Jidaa	1.58x	10	5.8
Miyawa12	1.57x	89.43	50.98
Holie	1.56x	17	9.52
Melenyo	1.54x	25	13.5
Faital	1.52x	100	52
Phyl640	1.52x	150	78
Kiget10	1.51x	100	51
Mali2	1.50x	17.42	8.71
Jurist	1.50x	500	250
Veto97	1.50x	10	5
Tai1ma-ster	1.49x	15	7.35
Vayo25	1.48x	19	9.12
Rael2012	1.40x	20	8
Jaokor	1.40x	10.65	4.26
Sangben614	1.34x	10	3.4
wazah	1.26x	10	2.6
Veteran100	1.23x	100	23
Masano	1.22x	205	45.1
Dugxdd	1.21x	17	3.57
Siele1	1.20x	31.74	6.35
Francismuniu8717	1.20x	10	2
Gerishom12	1.20x	10	2
Furo42	1.19x	10	1.9
Dave87	1.15x	33	4.95
Olololkbvv	1.11x	275	30.25
Caleb54041	1.07x	10	0.7
Ivybabs	1.06x	10	0.6
Justoeh	1.06x	10	0.6
Jiom	1.05x	10.58	0.53
Big_dick_energy	1.01x	50	0.5
Mark2544	1.08x	20	1.6
Demmore66	1.08x	10.9	0.87
Travo152	1.07x	33	2.31
Yuxuf	1.07x	10	0.7
Y163	1.06x	40	2.4
30840500	1.05x	13	0.65
Saos2022	1.05x	10	0.5
Umuro-Denge	1.04x	50	2
Jokky	1.04x	11	0.44
Sleey	1.02x	10	0.2
Felix123hk	2.00x	10	10
Mweusimbili	1.66x	10	6.6
ME3U	1.61x	"1,704"	"1,039.44"
Bleca26	1.26x	10	2.6
Darling1	4.46x	400	"1,384"
Lilian45605	4.39x	10	33.9
Cindy96	4.04x	10	30.4
Chica9	3.84x	150	426
Mwanxa	3.35x	20	47
Jum11	3.33x	14.72	34.3
Nickyyyyy	3.28x	20	45.6
33160546	3.27x	10	22.7
Jojoikomo	3.19x	16.34	35.78
Domain	3.18x	10	21.8
Mesh005	3.13x	250	532.5
Bruno1568	3.13x	70	149.1
Tuguma	3.06x	45	92.7
Diana6	3.02x	10	20.2
Ombura	3.00x	200	400
Faith209314	3.00x	10	20
Babu04	2.56x	10	15.6
Kenya000	2.52x	15	22.8
Gk24	2.46x	"1,000"	"1,460"
Dickson7992	2.45x	50	72.5
Chiesa534	2.42x	30	42.6
mkinyua34	2.37x	10	13.7
Tetat	2.34x	15	20.1
Pakatatu03	2.26x	14	17.64
Maliyangu1000	2.21x	20	24.2
Washa122	2.20x	100	120
filly5	2.16x	50	58
Leonel	2.16x	100	116
Busbay	2.14x	20	22.8
Ruejesse	2.14x	100	114
Ngetich420	2.08x	10	10.8
Edu	2.07x	50	53.5
312717	2.05x	20	21
Elono254	2.01x	10	10.1
benard330	2.00x	100	100
OYIER1	2.00x	100	100
Ev12345	2.00x	30	30
Nya15	1.92x	10	9.2
Winnergal	1.87x	100	87
Teeka45	1.78x	10	7.8
Atemi73	1.75x	30	22.5
Robertwamenju	1.73x	500	365
Beatrice41892	1.72x	10	7.2
Mama_mboga	1.60x	10	6
Mosse14	1.52x	55	28.6
Taliban17	1.31x	10	3.1
Mercyy100	1.26x	10	2.6
E99	1.21x	10	2.1
EsterOmutimba	1.12x	10	1.2
ruiru_finest	1.10x	50	5
Alpha25	1.08x	129	10.32
Tech4000	1.06x	135	8.1
Robertwamenju	3.43x	"2,225"	"5,406.75"
K1048	3.15x	10	21.5
Hakimi24	3.00x	10	20
Robertkigen	2.41x	24	33.84
yvonne12	2.28x	10	12.8
Toppa	2.19x	60	71.4
Ombiro12	2.10x	10	11
Frankkk	2.09x	"3,000"	"3,270"
Felix123hk	2.00x	10	10
Mweusimbili	1.66x	10	6.6
ME3U	1.61x	"1,704"	"1,039.44"
Bleca26	1.26x	10	2.6
Lukulu40	8.67x	200	"1,534"
Melisa1	7.00x	"2,000"	"12,000"
Vinnie1034	6.26x	200	"1,052"
Moss2	6.16x	"1,000"	"5,160"
Mwasp23-	4.87x	214	828.18
Robertwamenju	3.43x	"2,225"	"5,406.75"
K1048	3.15x	10	21.5
Hakimi24	3.00x	10	20
Robertkigen	2.41x	24	33.84
yvonne12	2.28x	10	12.8
Toppa	2.19x	60	71.4
Ombiro12	2.10x	10	11
Frankkk	2.09x	"3,000"	"3,270"
Felix123hk	2.00x	10	10
Mweusimbili	1.66x	10	6.6
ME3U	1.61x	"1,704"	"1,039.44"
Bleca26	1.26x	10	2.6
Cyrus1Dida	4.10x	100	310
1236John	4.03x	300	909
Ppjk	3.88x	25	72
Lequiz24	3.81x	20	56.2
Jos20	3.69x	11	29.59
Ayan2861	3.68x	100	268
Ssd211	3.41x	10	24.1
frankline2639	3.24x	10	22.4
Edgar20	3.22x	50	111
chee123	3.15x	100	215
Kindikic	3.15x	100	215
JAWS	3.12x	88	186.56
Money34	3.04x	50	102
Wasado	3.02x	15	30.3
Mihndomwenyeji	3.00x	20	40
Naserian20	3.00x	10	20
Neresmar	3.00x	30	60
Titusngeno	3.00x	20	40
1200gq	3.00x	50	100
Celeb_254	2.95x	11.34	22.11
Janepher20_-	2.94x	10	19.4
Gesare1234	2.93x	20	38.6
Shusho1	2.44x	13	18.72
Double2	2.43x	10	14.3
kabathah	2.40x	25	35
Yobiz76	2.25x	10.62	13.28
Monica29936679	2.17x	15	17.55
Jum11	2.14x	12.72	14.5
Ronn150	2.13x	50	56.5
Makauuu	2.11x	10	11.1
Petroo	2.11x	20	22.2
Pakakumi88	2.09x	10	10.9
Elono254	2.01x	10	10.1
Robertkigen	2.01x	50	50.5
Victor5786602	2.00x	20	20
Kj19	2.00x	100	100
Mulwa202364	2.00x	20	20
Busbay	2.00x	30	30
jay8054	1.46x	10	4.6
Levi23	1.41x	10	4.1
olango123	1.38x	40	15.2
Daizy54	1.38x	19	7.22
Nashon54	1.24x	30	7.2
Baya299	1.23x	10	2.3
Ivybabs	1.23x	10	2.3
Lilwet	1.20x	20	4
Hashnah	1.11x	20	2.2
ruiru_finest	1.10x	50	5
E99	1.09x	10	0.9
Beatrice41892	1.06x	10	0.6
MASTERPIECE_KE	1.04x	20	0.8
Irine100	20.00x	200	"3,800"
Uhssa	17.28x	10	162.8
Wash92	15.05x	10	140.5
Jhkjhhv889	11.84x	"2,998"	"32,498.32"
Kimongo123	11.00x	58	580
Lukulu40	8.67x	200	"1,534"
Melisa1	7.00x	"2,000"	"12,000"
Vinnie1034	6.26x	200	"1,052"
Moss2	6.16x	"1,000"	"5,160"
Mwasp23-	4.87x	214	828.18
Robertwamenju	3.43x	"2,225"	"5,406.75"
K1048	3.15x	10	21.5
Hakimi24	3.00x	10	20
Robertkigen	2.41x	24	33.84
yvonne12	2.28x	10	12.8
Toppa	2.19x	60	71.4
Ombiro12	2.10x	10	11
Frankkk	2.09x	"3,000"	"3,270"
Felix123hk	2.00x	10	10
Mweusimbili	1.66x	10	6.6
ME3U	1.61x	"1,704"	"1,039.44"
Bleca26	1.26x	10	2.6
Varlbae	1.07x	10	0.7
E99	1.06x	10	0.6
Beatrice41892	1.05x	10	0.5
Beb12	1.04x	10	0.4
Dian9	1.01x	10	0.1
Makauuu	4.38x	10	33.8
Becky1002	4.29x	50	164.5
Kashosh	4.26x	78	254.28
Nickyyyyy	4.21x	20	64.2
George459	4.00x	150	450
Chiambe32	3.98x	11.27	33.58
1983e	3.92x	50	146
Chemu20	3.62x	270	707.4
alvonsow	3.54x	200	508
Collo134	3.49x	30	74.7
Paul27931228	3.37x	40	94.8
347396	3.32x	20	46.4
Otieno4859	3.30x	10	23
Kipkirui9276	3.26x	20	45.2
Kogi7	3.20x	10	22
9269	3.19x	100	219
joel1000	3.19x	73	159.87
Mutinda3025	3.12x	10	21.2
filly5	3.04x	30	61.2
Akuti	3.00x	69	138
motorcar2	3.00x	10	20
Kaksang	3.00x	10	20
Dickson7992	2.94x	35	67.9
k88888	2.92x	10	19.2
Dedee	2.80x	84	151.2
Esilaba	2.66x	200	332
Nashon54	2.63x	30	48.9
Jelimo3020	2.58x	80	126.4
rudishapesa	2.53x	599	916.47
wazah	2.49x	10	14.9
georgeokusimba	2.44x	10	14.4
BIGBEN4	2.41x	10	14.1
Jacky0162	2.38x	10	13.8
Kipshadrack	2.36x	150	204
jeffya	2.25x	10	12.5
Ivykebenei624	2.13x	16	18.08
202083	2.12x	20	22.4
Muruguru12	2.10x	45	49.5
Ssd211	2.06x	10	10.6
Mathenge23	2.00x	10	10
Tongi1334	1.99x	50	49.5
Vayo25	1.90x	11	9.9
Hilo24	1.89x	30	26.7
ruiru_finest	1.37x	100	37
pheasant2	1.29x	150	43.5
Mugata	1.24x	10	2.4
Damawaraybeb	1.14x	18	2.52
Umuro-Denge	1.07x	25	1.75
Beatrice41892	1.06x	10	0.6
90001	1.02x	10	0.2
Lavinah	2.08x	10.19	11.01
ME3U	2.05x	"2,105"	"2,210.25"
Gil88	2.00x	500	500
Emmanuel06	1.54x	10	5.4
Pauthuo234	1.53x	10	5.3
Oduor4367	1.14x	"2,898"	405.72
jeffya	2.03x	10	10.3
JLM06	2.02x	90	91.8
OYIER1	2.00x	10	10
Mathenge23	2.00x	10	10
Accidentally	2.00x	100	100
Kipranga	2.00x	12	12
Magiya38	2.00x	40	40
K_joe7	2.00x	500	500
Tetat	2.00x	16	16
Umuro-Denge	2.00x	101	101
Fmem	2.00x	50	50
Be19_-	2.00x	10	10
Popsen	1.99x	10	9.9
Lenizo	1.95x	63	59.85
Sonkojunior	1.79x	12	9.48
Kipro979	1.79x	10	7.9
Konya98	1.77x	10	7.7
Nabiswaz	1.77x	10	7.7
Mutkiben11	1.75x	10	7.5
Atemi73	1.75x	30	22.5
Veave	1.74x	10	7.4
George888	1.69x	10	6.9
SHERLOCK63	1.65x	10	6.5
Josaid	1.64x	10	6.4
Tekito	1.61x	53	32.33
Mzae2050	1.61x	100	61
9269	1.58x	119	69.02
olango123	1.57x	40	22.8
Monica29936679	1.57x	15	8.55
Kairethu	1.54x	100	54
Kadoz98	1.53x	30	15.9
Jayzee	1.51x	10	5.1
mercyc500	1.35x	15	5.25
Alpha25	1.32x	11	3.52
Josphat28004788	1.30x	45	13.5
Didosy	1.25x	15.6	3.9
Ngeno41	1.20x	21.2	4.24
Sony20	1.17x	"1,000"	170
Fresh12	1.15x	20	3
Nupee	1.13x	20	2.6
Ngugi86	1.13x	10	1.3
Roberto50	1.12x	150	18
Archiblad	1.11x	10	1.1
pheasant2	1.08x	150	12
Ben466	1.08x	67	5.36
Beb12	1.07x	10	0.7
Mbogi010	4.12x	10	31.2
Chemu20	4.11x	270	839.7
Nicereagan36	3.90x	17	49.3
hotel24	3.75x	15	41.25
Tyt61	3.31x	377	870.87
Imperi	3.31x	10	23.1
1234123	3.28x	50	114
Robert-_3	3.27x	250	567.5
jmaish40	3.27x	90	204.3
Dan1993	3.18x	200	436
Mo003	3.18x	10	21.8
Favour1	3.18x	500	"1,090"
Nicholas30	3.17x	30	65.1
Gift44	3.05x	140	287
Mulwa202364	3.00x	20	40
Joyce23456	2.99x	100	199
Chigigs	2.96x	100	196
Jayzee	2.87x	10	18.7
Edmond26	2.75x	10	17.5
emmah273	2.67x	60	100.2
Taliban17	2.47x	13.3	19.55
Neshmkuu	2.41x	20	28.2
Yobiz76	2.41x	12	16.92
Chwaki	2.39x	10	13.9
Nyamongo55	2.39x	10	13.9
enock11127	2.24x	20	24.8
Ssd211	2.13x	10.7	12.09
Domain	2.11x	10	11.1
xxken	2.10x	10	11
Jos20	2.04x	11	11.44
Abuuuu38	2.04x	10	10.4
ricson	2.02x	10	10.2
MaxQ	2.01x	10	10.1
Hashnah	2.00x	20	20
Kefu	2.00x	100	100
Oliseh85	2.00x	20	20
Bonnie006	1.96x	21	20.16
Dyeka2	1.90x	20	18
caren1633	1.88x	10	8.8
olango123	1.78x	40	31.2
Ann2266	1.77x	20	15.4
Motorhub	1.66x	10	6.6
Kaksang	1.59x	10	5.9
sonamoja30a	1.56x	250	140
Chica9	1.56x	150	84
Jahkey_254	1.52x	10	5.2
Mark57	1.50x	10	5
TINA800	1.48x	137	65.76
yvonne12	1.34x	10	3.4
teoXke	1.34x	250	85
Vixs1	1.20x	26	5.2
33160546	1.10x	10	1
Desha254	1.08x	20	1.6
1173	1.12x	13	1.56
Eliswadakta	1.11x	17	1.87
jess01	1.10x	10	1
Sacheixx	1.10x	10	1
Hellen14	1.08x	10	0.8
Roberto50	1.06x	150	9
Wangaricaroline1	4.34x	26	86.84
willynjenga5	4.29x	22	72.38
Maggiebaby	4.27x	45	147.15
Makau777	4.15x	15	47.25
Mose241	4.03x	15	45.45
Festo2580	4.00x	30	90
Ezekiel050	3.85x	10	28.5
hotel24	3.82x	15	42.3
Billbil	3.48x	10	24.8
Willybii	3.41x	30	72.3
Babu04	3.37x	10	23.7
Tessco	3.36x	100	236
Me9583	3.27x	10	22.7
k88888	3.22x	10	22.2
Danoma	3.16x	10	21.6
Rapando1	3.11x	10	21.1
Tuguma	3.02x	70	141.4
Jobbie	3.00x	10	20
Jmwash	2.95x	100	195
Oldest	2.94x	10	19.4
34376069	2.69x	100	169
Uhssa	2.64x	10	16.4
Dickson7992	2.62x	60	97.2
Esilaba	2.47x	50	73.5
Melenyo	2.45x	27	39.15
Shem-5252	2.22x	30	36.6
sarah00	2.22x	10	12.2
Kenya000	2.18x	30	35.4
Jsop	2.16x	60	69.6
347396	2.14x	20	22.8
Wily51	2.10x	100	110
Gobat	2.08x	100	108
Mosse14	2.02x	20	20.4
Nyamai10223	2.00x	30	30
Kabose	2.00x	50	50
36043445	2.00x	50	50
K1048	2.00x	10	10
Cajeta	1.99x	10	9.9
Kipkorir993	1.98x	10	9.8
Bleca26	1.94x	10	9.4
Mercyy100	1.43x	10	4.3
Pkoech16	1.42x	10	4.2
Saina25	1.41x	100	41
Calistus62	1.08x	100	8
Beatrice41892	1.06x	10	0.6
Nelson2023	1.05x	50	2.5
Beb12	1.03x	10	0.3
Kemei4245	1.02x	120	2.4
David159	1.58x	"3,000"	"1,740"
Rajvia	1.47x	20	9.4
David-matu	1.18x	100	18
Susansimon	1.02x	10	0.2
Kiln23	1.10x	10	1
079520645m	1.82x	10	8.2
Kipro979	1.80x	10	8
Collo134	1.78x	30	23.4
THChemist420	1.70x	100	70
Kowinojnr	1.67x	10	6.7
meshackiptoo	1.54x	20	10.8
Atemi73	1.46x	30	13.8
Roberto50	1.40x	70	28
1222n	1.18x	10	1.8
Alcatraz231	1.14x	17.6	2.46
shaw254	1.13x	10	1.3
Pkura2	1.10x	10	1
Mae006	1.09x	62	5.58
Calistus62	1.09x	100	9
Ngugi86	1.09x	10	0.9
T473267	1.09x	20	1.8
pheasant2	1.06x	50	3
Derrick283643	1.06x	15	0.9
Tongi1334	1.05x	50	2.5
sonamoja30a	1.04x	250	10
Steve2121	1.56x	10	5.6
tuskah	1.29x	41	11.89
Francismuniu8717	1.20x	10	2
Kiln23	1.10x	10	1
Nancie637	1.43x	14	6.02
Melbin2001	1.43x	250	107.5
Mo003	1.40x	10	4
MUNIALO1236	1.39x	10	3.9
Sinta123	1.38x	10	3.8
Nungunungu	1.36x	40	14.4
Sawe75	1.32x	50	16
Kipsa123	1.28x	50	14
Lavinah	1.26x	10.52	2.74
Derrick283643	1.25x	15	3.75
Minto33	1.23x	15.6	3.59
Roberto50	1.22x	100	22
Sanga306	1.22x	"1,000"	220
briana97	1.18x	38	6.84
Sonkojunior	1.12x	10.8	1.3
Patrick5696	1.11x	10	1.1
IZZOH98	1.09x	19	1.71
Margy92	1.08x	10	0.8
Murgong44	3.10x	10	21
KARAIMU	3.05x	10	20.5
Hm4	2.44x	"2,500"	"3,600"
Kipkorir993	2.41x	10	14.1
Sawe75	2.34x	50	67
Robertwamenju	2.24x	"2,350"	"2,914.00"
George888	2.22x	10	12.2
Titusl17	2.18x	100	118
Hellen14	2.14x	10	11.4
Frankkk	2.11x	"3,000"	"3,330"
Lennox2134	2.00x	10	10
Steve2121	1.56x	10	5.6
tuskah	1.29x	41	11.89
Francismuniu8717	1.20x	10	2
Kiln23	1.10x	10	1
Festo2580	4.00x	30	90
Ayan2861	3.83x	100	283
Mary64111	3.70x	10	27
Vic28	3.66x	20	53.2
Sunn	3.58x	153	394.74
Mrassdeh	3.39x	25	59.75
Mae006	3.34x	20	46.8
1234123	3.34x	100	234
Fanlam	3.30x	15	34.5
Mosioma97	3.19x	20	43.8
Eric2254	3.18x	10	21.8
Karis70	3.15x	50	107.5
Joker666	3.13x	50	106.5
Kevo6059	3.12x	50	106
